whaleid,sampleid,rep,platesampleid,d13c,d15n,c_ug,n_ug,cn_ratio,sample_mg,percent_c,percent_n,lab,plate,batch,reference,d13c_nolipid,d15n_nolipid,cn_ratio_nolipid
bp03,bp03_hs-1_65,0,bp1v3a-1,-17.5,10.7,402.636,119.016,3.383040936,0.87,46.28,13.68,DEVIL,sia_1_valid,1,,,,
bp03,bp03_hs0_66,1,bp1v3a-2,-17.7,10.3,371.046,110.214,3.366595895,0.78,47.57,14.13,DEVIL,sia_1_valid,1,,,,
bp03,bp03_hs0_66,2,bp1v3a-3,-17.9,10.5,324.17,96.943,3.343923749,0.77,42.1,12.59,DEVIL,sia_1_valid,1,,,,
bp03,bp03_hs0_66,3,bp1v3a-4,-17.7,10.6,404.742,121.29,3.336977492,0.78,51.89,15.55,DEVIL,sia_1_valid,1,,,,
bp03,bp03_hs1_67,1,bp1v3a-5,-17.9,10.5,324.412,97.163,3.338842975,0.73,44.44,13.31,DEVIL,sia_1_valid,1,,,,
bp03,bp03_hs1_67,2,bp1v3a-6,-17.8,10.7,331.034,99.384,3.330858086,0.82,40.37,12.12,DEVIL,sia_1_valid,1,,,,
bp03,bp03_hs1_67,3,bp1v3a-7,-17.8,10.4,301.239,90.882,3.314616756,0.81,37.19,11.22,DEVIL,sia_1_valid,1,,,,
bp03,bp03_hs2_68,1,bp1v3a-8,-17.7,11,410.256,123.585,3.319626168,0.77,53.28,16.05,DEVIL,sia_1_valid,1,,,,
bp03,bp03_hs2_68,2,bp1v3a-9,-17.8,11,357.657,108.141,3.307320998,0.87,41.11,12.43,DEVIL,sia_1_valid,1,,,,
bp03,bp03_hs2_68,3,bp1v3a-10,-17.9,10.8,293.37,88.76,3.305205047,0.7,41.91,12.68,DEVIL,sia_1_valid,1,,,,
bp03,bp03_s0_69,1,bp1v3a-11,,,,,,0.76,,,DEVIL,sia_1_valid,1,,,,
bp03,bp03_s0_69,2,bp1v3a-12,-17.5,10.3,265.958,80.234,3.314779271,0.77,34.54,10.42,DEVIL,sia_1_valid,1,,,,
bp03,bp03_s0_69,3,bp1v3a-13,-17.4,10.4,284.043,85.848,3.308673469,0.73,38.91,11.76,DEVIL,sia_1_valid,1,,,,
bp03,bp03_s1_70,1,bp1v3a-14,-17.6,10.3,275.872,82.732,3.334525939,0.74,37.28,11.18,DEVIL,sia_1_valid,1,,,,
bp03,bp03_s1_70,2,bp1v3a-15,-17.6,10.4,341.84,102.4,3.33828125,0.8,42.73,12.8,DEVIL,sia_1_valid,1,,,,
bp03,bp03_s1_70,3,bp1v3a-16,-17.4,10.4,329.114,98.829,3.330135891,0.79,41.66,12.51,DEVIL,sia_1_valid,1,,,,
bp03,bp03_s2_71,1,bp1v3a-17,-17.7,10.5,286.598,85.264,3.36130137,0.73,39.26,11.68,DEVIL,sia_1_valid,1,,,,
bp03,bp03_s2_71,2,bp1v3a-18,-17.9,10.7,368.004,109.116,3.372594303,0.84,43.81,12.99,DEVIL,sia_1_valid,1,,,,
bp03,bp03_s2_71,3,bp1v3a-19,-17.8,10.6,251.996,75.19,3.351456311,0.73,34.52,10.3,DEVIL,sia_1_valid,1,,,,
bp03,bp03_s3_72,1,bp1v3a-20,-18,10,376.82,111.054,3.393124066,0.83,45.4,13.38,DEVIL,sia_1_valid,1,,,,
bp03,bp03_s3_72,2,bp1v3a-21,-17.9,10.5,378.378,111.65,3.388965517,0.77,49.14,14.5,DEVIL,sia_1_valid,1,,,,
bp03,bp03_s3_72,3,bp1v3a-22,-17.8,10.3,344.55,102.15,3.37298091,0.75,45.94,13.62,DEVIL,sia_1_valid,1,,,,
bp03,bp03_s4_74,1,bp1v3a-23,-17.8,10.3,389.768,114.54,3.402898551,0.83,46.96,13.8,DEVIL,sia_1_valid,1,,,,
bp03,bp03_s4_74,2,bp1v3a-24,-18,10.6,347.687,102.311,3.39833449,0.71,48.97,14.41,DEVIL,sia_1_valid,1,,,,
bp03,bp03_s4_74,3,bp1v3a-25,-18,10.5,372.519,110.079,3.38410596,0.81,45.99,13.59,DEVIL,sia_1_valid,1,,,,
bp03,bp03_s5_76,0,bp1v3a-26,-18.3,10.8,318.734,93.726,3.400699913,0.82,38.87,11.43,DEVIL,sia_1_valid,1,,,,
bp03,bp03_s6_78,0,bp1v3a-27,-18.5,10.7,415.294,121.518,3.417551309,0.86,48.29,14.13,DEVIL,sia_1_valid,1,,,,
bp03,bp03_s7_80,0,bp1v3a-28,-18.6,10.7,337.104,99.288,3.395213923,0.72,46.82,13.79,DEVIL,sia_1_valid,1,,,,
bp03,bp03_s8_82,0,bp1v3a-29,-18.5,10.8,361.496,106.215,3.403436426,0.73,49.52,14.55,DEVIL,sia_1_valid,1,,,,
bp03,bp03_s9_84,0,bp1v3a-30,-18.3,10.6,364.648,107.464,3.39321075,0.76,47.98,14.14,DEVIL,sia_1_valid,1,,,,
bp03,bp03_s10_86,0,bp1v3a-31,-18,10.3,323.884,95.336,3.397289586,0.68,47.63,14.02,DEVIL,sia_1_valid,1,,,,
bp03,bp03_s11_88,0,bp1v3a-32,-17.6,10.2,351.308,103.589,3.391363948,0.71,49.48,14.59,DEVIL,sia_1_valid,1,,,,
bp03,bp03_s12_90,0,bp1v3a-33,-17.8,9.6,325.677,95.779,3.400296516,0.71,45.87,13.49,DEVIL,sia_1_valid,1,,,,
bp03,bp03_s13_92,0,bp1v3a-34,-17.4,9.2,344.883,101.486,3.398330804,0.77,44.79,13.18,DEVIL,sia_1_valid,1,,,,
bp03,bp03_s14_94,0,bp1v3a-35,-17.3,9.4,348.66,102.258,3.409610984,0.78,44.7,13.11,DEVIL,sia_1_valid,1,,,,
bp03,bp03_s15_96,0,bp1v3a-36,-17.2,8.8,339.066,100.23,3.382879377,0.78,43.47,12.85,DEVIL,sia_1_valid,1,,,,
bp03,bp03_s16_98,0,bp1v3a-37,-17,9.1,342.702,100.172,3.421135647,0.79,43.38,12.68,DEVIL,sia_1_valid,2,,,,
bp03,bp03_s17_100,0,bp1v3a-38,-16.5,8.7,334.356,98.043,3.410299562,0.33,101.32,29.71,DEVIL,sia_1_valid,2,,,,
bp03,bp03_s18_102,0,bp1v3a-39,-16.4,8.9,343.728,100.87,3.407633588,0.77,44.64,13.1,DEVIL,sia_1_valid,2,,,,
bp03,bp03_s19_104,0,bp1v3a-40,-16.5,9.3,332.514,97.5,3.4104,0.78,42.63,12.5,DEVIL,sia_1_valid,2,,,,
bp03,bp03_s20_106,0,bp1v3a-41,-16.5,9.5,300.024,88.056,3.407195421,0.72,41.67,12.23,DEVIL,sia_1_valid,2,,,,
bp03,bp03_s21_108,0,bp1v3a-42,-16.8,9.5,317.196,93.522,3.391672548,0.66,48.06,14.17,DEVIL,sia_1_valid,2,,,,
bp03,bp03_s22_110,0,bp1v3a-43,-16.9,10.7,331.224,97.384,3.401215805,0.74,44.76,13.16,DEVIL,sia_1_valid,2,,,,
bp03,bp03_s23_112,0,bp1v3a-44,-16.9,10.3,278.85,81.9,3.404761905,0.65,42.9,12.6,DEVIL,sia_1_valid,2,,,,
bp03,bp03_s24_114,0,bp1v3a-45,-16.8,10.7,407.66,119.765,3.403832505,0.85,47.96,14.09,DEVIL,sia_1_valid,2,,,,
bp03,bp03_s25_116,0,bp1v3a-46,-17,11.2,332.953,97.382,3.41904048,0.73,45.61,13.34,DEVIL,sia_1_valid,2,,,,
bp03,bp03_s26_118,0,bp1v3a-47,-17,11,330.018,96.252,3.428687196,0.78,42.31,12.34,DEVIL,sia_1_valid,2,,,,
bp03,bp03_s27_120,0,bp1v3a-48,-17.1,11.2,334.476,98.192,3.406346749,0.76,44.01,12.92,DEVIL,sia_1_valid,2,,,,
bp03,bp03_s28_122,0,bp1v3a-49,-17.4,10.9,328.412,96.052,3.419106317,0.74,44.38,12.98,DEVIL,sia_1_valid,2,,,,
bp03,bp03_s29_124,0,bp1v3a-50,-17,11.1,331.298,96.718,3.425401683,0.74,44.77,13.07,DEVIL,sia_1_valid,2,,,,
bp03,bp03_s30_126,0,bp1v3a-51,-16.9,11.4,348.992,102.5,3.4048,0.82,42.56,12.5,DEVIL,sia_1_valid,2,,,,
bp03,bp03_s31_128,0,bp1v3a-52,-16.9,11.5,306.235,89.644,3.416123779,0.73,41.95,12.28,DEVIL,sia_1_valid,2,,,,
bp03,bp03_s32_130,0,bp1v3a-53,-16.5,11.5,364.014,106.92,3.404545455,0.81,44.94,13.2,DEVIL,sia_1_valid,2,,,,
bp03,bp03_s33_131,0,bp1v3a-54,-16.6,11.2,366.35,106.335,3.445243805,0.85,43.1,12.51,DEVIL,sia_1_valid,2,,,,
bp03,bp03_s34_132,0,bp1v3a-55,-16.7,11.6,286.488,84.456,3.392156863,0.69,41.52,12.24,DEVIL,sia_1_valid,2,,,,
bp03,bp03_s0_133,1,bp1v3a-56,-17.1,10.3,354.157,106.334,3.330609212,0.79,44.83,13.46,DEVIL,sia_1_valid,2,,,,
bp03,bp03_s0_133,2,bp1v3a-57,-17.1,10,261.69,76.824,3.406357388,0.66,39.65,11.64,DEVIL,sia_1_valid,2,,,,
bp03,bp03_s0_133,3,bp1v3a-58,-17.2,10.5,293.4,86.7,3.384083045,0.75,39.12,11.56,DEVIL,sia_1_valid,2,,,,
bp03,bp03_s1_134,1,bp1v3a-59,-17.3,10.5,330.398,98.039,3.370067014,0.73,45.26,13.43,DEVIL,sia_1_valid,2,,,,
bp03,bp03_s1_134,2,bp1v3a-60,-17.3,10.4,362.576,107.672,3.367412141,0.86,42.16,12.52,DEVIL,sia_1_valid,2,,,,
bp03,bp03_s1_134,3,bp1v3a-61,-17.5,10.3,286.963,84.68,3.388793103,0.73,39.31,11.6,DEVIL,sia_1_valid,2,,,,
bp03,bp03_s2_135,1,bp1v3a-62,-17.7,10.6,291.652,85.068,3.428457234,0.68,42.89,12.51,DEVIL,sia_1_valid,2,,,,
bp03,bp03_s2_135,2,bp1v3a-63,-17.8,10.6,314.411,92.929,3.383346426,0.73,43.07,12.73,DEVIL,sia_1_valid,2,,,,
bp03,bp03_s2_135,3,bp1v3a-64,-17.5,10.7,378.314,112.316,3.368300153,0.86,43.99,13.06,DEVIL,sia_1_valid,2,,,,
bp03,bp03_s3_136,1,bp1v3a-65,-17.7,10.6,364.812,107.672,3.388178914,0.86,42.42,12.52,DEVIL,sia_1_valid,2,,,,
bp03,bp03_s3_136,2,bp1v3a-66,-17.8,10.5,313.725,91.5,3.428688525,0.75,41.83,12.2,DEVIL,sia_1_valid,2,,,,
bp03,bp03_s3_136,3,bp1v3a-67,-17.9,10.7,240,71.325,3.364879075,0.75,32,9.51,DEVIL,sia_1_valid,2,,,,
bp03,bp03_s4_137,1,bp1v3a-68,-18,10.7,390.16,112.96,3.453966006,0.8,48.77,14.12,DEVIL,sia_1_valid,2,,,,
bp03,bp03_s4_137,2,bp1v3a-69,-18.1,10.5,329.3,95.238,3.457653458,0.74,44.5,12.87,DEVIL,sia_1_valid,2,,,,
bp03,bp03_s4_137,3,bp1v3a-70,-18.1,10.6,337.28,98,3.441632653,0.8,42.16,12.25,DEVIL,sia_1_valid,2,,,,
bp02,bp02_s0_171,0,bp1v2a-1,-18.6,11.4,282.303,78.183,3.610797744,0.63,44.81,12.41,DEVIL,sia_1_valid,2,,,,
bp02,bp02_s1_173,0,bp1v2a-2,-18.7,11.5,278.7,77.64,3.589644513,0.6,46.45,12.94,DEVIL,sia_1_valid,2,,,,
bp02,bp02_s2_175,0,bp1v2a-3,-18.3,11.7,338.175,96.975,3.487238979,0.75,45.09,12.93,DEVIL,sia_1_valid,3,,,,
bp02,bp02_s3_178,0,bp1v2a-4,-18.4,11.7,333.96,96.048,3.477011494,0.69,48.4,13.92,DEVIL,sia_1_valid,3,,,,
bp02,bp02_s4_179,0,bp1v2a-5,-18.4,11.7,298.778,86.366,3.459440057,0.62,48.19,13.93,DEVIL,sia_1_valid,3,,,,
bp02,bp02_s5_180,0,bp1v2a-6,-18.4,11.8,293.888,84.736,3.468277946,0.64,45.92,13.24,DEVIL,sia_1_valid,3,,,,
bp02,bp02_s6_185,1,bp1v2a-7,-18.2,12,293.94,84.49,3.478991597,0.71,41.4,11.9,DEVIL,sia_1_valid,3,,,,
bp02,bp02_s6_185,2,bp1v2a-8,-18.3,11.9,300.132,85.743,3.500367377,0.63,47.64,13.61,DEVIL,sia_1_valid,3,,,,
bp02,bp02_s7_187,0,bp1v2a-9,-18.2,12.1,341.92,97.6,3.503278689,0.8,42.74,12.2,DEVIL,sia_1_valid,3,,,,
bp02,bp02_s8_189,0,bp1v2a-10,-18.3,12,323.61,91.701,3.52896915,0.69,46.9,13.29,DEVIL,sia_1_valid,3,,,,
bp02,bp02_s9_191,0,bp1v2a-11,-18.3,11.7,317.238,90.354,3.511056511,0.74,42.87,12.21,DEVIL,sia_1_valid,3,,,,
bp02,bp02_s10_193,0,bp1v2a-12,-18.6,11.5,333.26,95.304,3.496810207,0.76,43.85,12.54,DEVIL,sia_1_valid,3,,,,
bp02,bp02_s11_195,0,bp1v2a-13,-18.5,11.6,361.88,102.754,3.52180937,0.83,43.6,12.38,DEVIL,sia_1_valid,3,,,,
bp02,bp02_s12_197,1,bp1v2a-14,-18.5,11.4,315.503,89.043,3.543265613,0.67,47.09,13.29,DEVIL,sia_1_valid,3,,,,
bp02,bp02_s12_197,2,bp1v2a-15,-18.3,11.4,370.08,104.88,3.528604119,0.8,46.26,13.11,DEVIL,sia_1_valid,3,,,,
bp02,bp02_s13_199,0,bp1v2a-16,-18.6,11.4,332.28,94.752,3.506838906,0.72,46.15,13.16,DEVIL,sia_1_valid,3,,,,
bp02,bp02_s14_201,0,bp1v2a-17,-18.6,11,311.4,88.344,3.524857376,0.72,43.25,12.27,DEVIL,sia_1_valid,3,,,,
bp02,bp02_s15_203,0,bp1v2a-18,-18.6,10.8,349.068,99.028,3.524942441,0.76,45.93,13.03,DEVIL,sia_1_valid,3,,,,
bp02,bp02_s16_205,0,bp1v2a-19,-18.7,11.1,387.286,109.47,3.537827715,0.82,47.23,13.35,DEVIL,sia_1_valid,3,,,,
bp02,bp02_s17_207,0,bp1v2a-20,-18.5,10.8,331.793,93.555,3.546502058,0.77,43.09,12.15,DEVIL,sia_1_valid,3,,,,
bp02,bp02_s18_209,0,bp1v2a-21,-18.7,10.9,389.992,110.044,3.543964232,0.82,47.56,13.42,DEVIL,sia_1_valid,3,,,,
bp02,bp02_s19_211,0,bp1v2a-22,-18.8,10.8,345.801,97.236,3.556306306,0.73,47.37,13.32,DEVIL,sia_1_valid,3,,,,
bp02,bp02_s20_213,0,bp1v2a-23,-18.7,10.8,332.442,94.389,3.522041763,0.73,45.54,12.93,DEVIL,sia_1_valid,3,,,,
bp02,bp02_s21_214,0,bp1v2a-24,-18.6,11,329.004,93.678,3.512073272,0.78,42.18,12.01,DEVIL,sia_1_valid,3,,,,
bp02,bp02_s22_215,0,bp1v2a-25,-18.4,10.7,333.564,95.836,3.480570975,0.76,43.89,12.61,DEVIL,sia_1_valid,3,,,,
bpxab,bpxab_s_mar16_1014,0,bp1vxab-1,-17.7,9.3,350.73,112.266,3.124098124,0.81,43.3,13.86,DEVIL,sia_1_valid,3,,,,
bp03,bp03_s0_133,0,bp03a-mid-0,-17.42,10.27,373.20,110.98,3.36280668,0.75,49.75999906,0.223027986,UCDSIF,wrc_csi_1,,,,,
bp03,bp03_s1_134,1,bp03a-mid-1,-17.52,10.53,309.56,92.18,3.358265299,0.68,45.52410149,0.202485492,UCDSIF,wrc_csi_1,,,,,
bp03,bp03_s1_134,2,bp03a-mid-1r,-17.50,10.47,347.50,103.24,3.365937561,0.74,46.95992515,0.219849592,UCDSIF,wrc_csi_1,,,,,
bp03,bp03_s2_135,0,bp03a-mid-2,-17.82,10.57,357.78,105.86,3.379714126,0.8,44.72201159,0.236706411,UCDSIF,wrc_csi_1,,,,,
bp03,bp03_s3_136,0,bp03a-mid-3,-17.92,10.69,309.56,92.52,3.345832395,0.76,40.7320908,0.227148258,UCDSIF,wrc_csi_1,,,,,
bp03,bp03_s4_137,0,bp03a-mid-4,-18.07,10.79,345.45,102.22,3.379604181,0.79,43.72783194,0.233755185,UCDSIF,wrc_csi_1,,,,,
bp03,bp03_s5_138,0,bp03a-mid-5,-18.03,10.67,320.83,95.49,3.359857113,0.73,43.94956586,0.217271144,UCDSIF,wrc_csi_1,,,,,
bp03,bp03_s6_139,0,bp03a-mid-6,-18.37,10.79,355.72,106.54,3.338762837,0.76,46.80538505,0.227629226,UCDSIF,wrc_csi_1,,,,,
bp03,bp03_s7_140,0,bp03a-mid-7,-18.28,10.75,340.32,102.22,3.329391521,0.8,42.53966641,0.240284147,UCDSIF,wrc_csi_1,,,,,
bp03,bp03_s8_141,0,bp03a-mid-8,-18.01,10.49,358.80,107.57,3.33563596,0.77,46.5978955,0.230840538,UCDSIF,wrc_csi_1,,,,,
bp03,bp03_s9_142,0,bp03a-mid-9,-17.74,10.79,350.58,105.40,3.326083741,0.81,43.28202518,0.243529647,UCDSIF,wrc_csi_1,,,,,
bp03,bp03_s10_143,0,bp03a-mid-10,-17.47,10.08,294.21,87.27,3.371421492,0.73,40.3032937,0.216525878,UCDSIF,wrc_csi_1,,,,,
bp03,bp03_s11_144,0,bp03a-mid-11,-17.06,10.02,324.93,97.54,3.331165071,0.68,47.78406655,0.204132784,UCDSIF,wrc_csi_1,,,,,
bp03,bp03_s12_145,0,bp03a-mid-12,-17.04,9.43,357.78,107.45,3.329603691,0.77,46.46442763,0.231258754,UCDSIF,wrc_csi_1,,,,,
bp03,bp03_s13_146,0,bp03a-mid-13,-16.89,9.29,315.71,95.03,3.322085802,0.71,44.46603453,0.213721151,UCDSIF,wrc_csi_1,,,,,
bp03,bp03_s14_147,0,bp03a-mid-14,-16.81,9.17,333.14,100.05,3.329649434,0.77,43.26430108,0.231255577,UCDSIF,wrc_csi_1,,,,,
bp03,bp03_s15_148,0,bp03a-mid-15,-16.69,9.13,414.42,124.60,3.326010621,0.86,48.18813773,0.258568026,UCDSIF,wrc_csi_1,,,,,
bp03,bp03_s16_149,0,bp03a-mid-16,-16.29,9.04,282.97,85.21,3.320882126,0.64,44.21388703,0.192719879,UCDSIF,wrc_csi_1,,,,,
bp03,bp03_s17_150,0,bp03a-mid-17,-16.14,8.96,291.15,87.50,3.327549735,0.67,43.45466041,0.201349357,UCDSIF,wrc_csi_1,,,,,
bp03,bp03_s18_151,0,bp03a-mid-18,-16.04,9.09,342.37,103.13,3.319878118,0.76,45.04869853,0.228924067,UCDSIF,wrc_csi_1,,,,,
bp03,bp03_s19_152,0,bp03a-mid-19,-16.34,9.69,381.43,115.18,3.31154306,0.82,46.51626816,0.247618704,UCDSIF,wrc_csi_1,,,,,
bp03,bp03_s20_153,0,bp03a-mid-20,-16.81,10.16,298.31,89.44,3.335317004,0.72,41.43133118,0.215871535,UCDSIF,wrc_csi_1,,,,,
bp03,bp03_s21_154,0,bp03a-mid-21,-16.80,10.71,381.43,114.73,3.324656466,0.9,42.38148877,0.27070466,UCDSIF,wrc_csi_1,,,,,
bp03,bp03_s22_155,0,bp03a-mid-22,-16.78,10.94,328.01,98.68,3.323841871,0.79,41.51991835,0.23767677,UCDSIF,wrc_csi_1,,,,,
bp03,bp03_s23_156,1,bp03a-mid-23,-16.59,10.76,367.03,110.64,3.317390242,0.86,42.67770732,0.259239926,UCDSIF,wrc_csi_1,,,,,
bp03,bp03_s23_156,2,bp03a-mid-23r,-16.61,10.73,409.26,123.47,3.314755612,0.86,47.58822885,0.259445975,UCDSIF,wrc_csi_1,,,,,
bp01,bp01_s-1_33,0,bp01-si-neg1,-17.01,16.03,309.56,83.26,3.717847464,0.63,49.13712542,0.169452891,UCDSIF,wrc_csi_1,,,,,
bp01,bp01_s0_1,0,bp01-si-0,-17.61,16.14,317.76,88.64,3.584869694,0.67,47.42653739,0.186896612,UCDSIF,wrc_csi_1,,,,,
bp01,bp01_s1_2,1,bp01-si-1,-17.60,16.12,377.32,103.58,3.642649576,0.74,50.98865661,0.20314883,UCDSIF,wrc_csi_1,,,,,
bp01,bp01_s1_2,2,bp01-si-1r,-17.62,16.35,370.11,101.53,3.645273297,0.81,45.69305921,0.222205562,UCDSIF,wrc_csi_1,,,,,
bp01,bp01_s2_3,0,bp01-si-2,-17.31,16.14,373.20,103.47,3.606878147,0.96,38.87499927,0.266158146,UCDSIF,wrc_csi_1,,,,,
bp01,bp01_s3_4,0,bp01-si-3,-17.10,15.92,367.03,103.81,3.535556399,0.78,47.05490807,0.220615912,UCDSIF,wrc_csi_1,,,,,
bp01,bp01_s4_5,0,bp01-si-4,-17.00,15.50,380.40,107.79,3.528977635,0.74,51.40593844,0.20969246,UCDSIF,wrc_csi_1,,,,,
bp01,bp01_s4_6,0,bp01-si-5,-17.24,15.32,440.24,123.47,3.565717198,0.96,45.8587424,0.269230549,UCDSIF,wrc_csi_1,,,,,
bp01,bp01_s5_7,0,bp01-si-6,-17.02,15.41,481.67,138.18,3.485908001,0.97,49.65659295,0.278263224,UCDSIF,wrc_csi_1,,,,,
bp01,bp01_s6_8,0,bp01-si-7,-17.17,14.54,411.32,117.79,3.491866983,0.85,48.39084892,0.243422789,UCDSIF,wrc_csi_1,,,,,
bp01,bp01_s7_9,0,bp01-si-8,-17.07,14.24,330.06,94.35,3.498283364,0.72,45.84141964,0.205815231,UCDSIF,wrc_csi_1,,,,,
bp01,bp01_s8_10,0,bp01-si-9,-17.12,13.74,258.47,74.10,3.488033768,0.69,37.45904507,0.197819186,UCDSIF,wrc_csi_1,,,,,
bp01,bp01_s9_11,0,bp01-si-10,-17.21,13.45,425.78,122.33,3.480487727,0.81,52.56484788,0.232726004,UCDSIF,wrc_csi_1,,,,,
bp01,bp01_s10_12,0,bp01-si-11,-17.28,13.13,261.53,74.67,3.50223709,0.59,44.32670948,0.168463752,UCDSIF,wrc_csi_1,,,,,
bp01,bp01_s11_13,0,bp01-si-12,-17.92,12.04,346.48,99.48,3.48283514,0.67,51.71292827,0.192372011,UCDSIF,wrc_csi_1,,,,,
bp01,bp01_s13_15,0,bp01-si-13,-17.79,12.27,361.89,104.61,3.459472957,0.73,49.57361383,0.211014802,UCDSIF,wrc_csi_1,,,,,
bp01,bp01_s14_16,0,bp01-si-14,-17.65,12.40,352.64,102.22,3.449934624,0.82,43.00472855,0.237685663,UCDSIF,wrc_csi_1,,,,,
bp01,bp01_s15_17,0,bp01-si-15,-17.32,13.84,313.66,88.41,3.547789733,0.71,44.17749412,0.2001246,UCDSIF,wrc_csi_1,,,,,
bp01,bp01_s16_18,0,bp01-si-16,-17.07,14.21,397.92,114.05,3.489045241,0.73,54.50897251,0.209226292,UCDSIF,wrc_csi_1,,,,,
bp01,bp01_s17_19,0,bp01-si-17,-17.04,14.69,377.32,108.48,3.478306753,0.8,47.16450736,0.229996966,UCDSIF,wrc_csi_1,,,,,
bp01,bp01_s18_20,0,bp01-si-18,-16.74,15.06,330.06,94.46,3.494056968,0.73,45.21345499,0.208926187,UCDSIF,wrc_csi_1,,,,,
bp01,bp01_s19_21,0,bp01-si-19,-16.69,15.32,428.87,123.47,3.473630553,0.89,48.18813269,0.256216079,UCDSIF,wrc_csi_1,,,,,
bp01,bp01_s20_22,0,bp01-si-20,-16.61,15.64,401.01,114.84,3.491817407,0.71,56.48002289,0.203332511,UCDSIF,wrc_csi_1,,,,,
bp01,bp01_s21_23,0,bp01-si-21,-16.71,16.04,329.03,93.78,3.508636223,0.67,49.10936543,0.190957386,UCDSIF,wrc_csi_1,,,,,
bp01,bp01_s22_24,0,bp01-si-22,-16.72,15.98,346.48,99.03,3.498872551,0.67,51.71292827,0.191490256,UCDSIF,wrc_csi_1,,,,,
bp01,bp01_s23_25,0,bp01-si-23,-16.86,16.35,347.50,99.14,3.50520663,0.81,42.90166001,0.231084808,UCDSIF,wrc_csi_1,,,,,
bp01,bp01_s24_26,0,bp01-si-24,-16.62,16.13,309.56,88.87,3.483446165,0.63,49.13712542,0.180855386,UCDSIF,wrc_csi_1,,,,,
bp01,bp01_s25_27,0,bp01-si-25,-16.70,15.53,301.38,86.12,3.499324507,0.66,45.66289029,0.18860783,UCDSIF,wrc_csi_1,,,,,
bp01,bp01_s26_28,0,bp01-si-26,-17.14,15.22,409.26,116.66,3.508157711,0.84,48.72128192,0.239441915,UCDSIF,wrc_csi_1,,,,,
bp01,bp01_s27_29,0,bp01-si-27,-17.65,14.24,398.95,113.82,3.505066698,0.83,48.06582017,0.236800059,UCDSIF,wrc_csi_1,,,,,
bp01,bp01_s28_30,0,bp01-si-28,-17.80,14.64,359.83,102.79,3.500796845,0.73,49.29199693,0.208523954,UCDSIF,wrc_csi_1,,,,,
bp01,bp01_s29_31,0,bp01-si-29,-18.36,14.84,374.23,105.06,3.561945713,0.83,45.08781808,0.233018711,UCDSIF,wrc_csi_1,,,,,
bp14,bp14_s2_882,0,bp14-si-2,-17.11,12.45,306.49,86.92,3.525977859,0.63,48.6496012,0.178673839,UCDSIF,wrc_csi_1,,,,,
bp14,bp14_s3_883,1,bp14-si-3,-16.75,12.94,328.01,107.57,3.049335438,0.69,47.53729783,0.226278812,UCDSIF,wrc_csi_1,,,,,
bp14,bp14_s3_883,2,bp14-si-3r,-17.60,12.76,376.29,104.15,3.612855351,0.76,49.51143724,0.21035993,UCDSIF,wrc_csi_1,,,,,
bp14,bp14_s4_884,0,bp14-si-4,-16.74,12.81,321.86,97.54,3.299640641,0.75,42.91422224,0.227297479,UCDSIF,wrc_csi_1,,,,,
bp14,bp14_s5_885,0,bp14-si-5,-16.76,13.28,302.40,94.92,3.185850288,0.66,45.81793924,0.207166044,UCDSIF,wrc_csi_1,,,,,
bp14,bp14_s6_886,0,bp14-si-6,-16.79,13.50,345.45,101.99,3.387154152,0.73,47.32190032,0.215520159,UCDSIF,wrc_csi_1,,,,,
bp14,bp14_s7_887,0,bp14-si-7,-16.67,13.93,388.64,113.82,3.414533332,0.82,47.39534263,0.240149947,UCDSIF,wrc_csi_1,,,,,
bp14,bp14_s8_888,0,bp14-si-8,-16.50,14.11,385.55,113.14,3.407797479,0.84,45.89904916,0.246493521,UCDSIF,wrc_csi_1,,,,,
bp14,bp14_s9_889,0,bp14-si-9,-16.47,13.95,397.92,115.52,3.444449508,0.83,47.94162642,0.240967388,UCDSIF,wrc_csi_1,,,,,
bp14,bp14_s10_890,0,bp14-si-10,-16.48,13.82,417.51,121.20,3.444893042,0.82,50.91639877,0.238033515,UCDSIF,wrc_csi_1,,,,,
bp14,bp14_s11_891,0,bp14-si-11,-16.35,13.73,335.19,97.20,3.448394942,0.67,50.02787777,0.19429329,UCDSIF,wrc_csi_1,,,,,
bp14,bp14_s12_892,0,bp14-si-12,-16.53,13.93,303.42,87.61,3.463324467,0.66,45.97300026,0.190568342,UCDSIF,wrc_csi_1,,,,,
bp14,bp14_s13_893,0,bp14-si-13,-16.45,13.86,362.92,106.88,3.395409656,0.77,47.13187041,0.22677676,UCDSIF,wrc_csi_1,,,,,
bp14,bp14_s14_894,0,bp14-si-14,-16.58,13.83,357.78,105.52,3.39065142,0.79,45.28811301,0.232993576,UCDSIF,wrc_csi_1,,,,,
bp14,bp14_s15_895,0,bp14-si-15,-16.76,14.06,336.21,98.34,3.418840552,0.7,48.03039026,0.204747776,UCDSIF,wrc_csi_1,,,,,
bp14,bp14_s16_896,0,bp14-si-16,-16.92,14.06,339.29,99.14,3.422369744,0.74,45.85014351,0.216224445,UCDSIF,wrc_csi_1,,,,,
bp14,bp14_s17_897,0,bp14-si-17,-16.94,14.02,390.70,116.66,3.349090096,0.88,44.39796274,0.262757936,UCDSIF,wrc_csi_1,,,,,
bp14,bp14_s18_898,1,bp14-si-18,-17.05,14.23,269.69,78.57,3.432474029,0.61,44.21173052,0.177714382,UCDSIF,wrc_csi_1,,,,,
bp14,bp14_s18_898,2,bp14-si-18r,-17.15,14.16,312.64,91.49,3.41699047,0.7,44.66228704,0.204858634,UCDSIF,wrc_csi_1,,,,,
bp14,bp14_s19_899,0,bp14-si-19,-17.34,14.02,267.65,78.00,3.43150564,0.64,41.82032591,0.186507052,UCDSIF,wrc_csi_1,,,,,
bp14,bp14_s20_900,0,bp14-si-20,-17.14,13.81,424.74,124.60,3.408871601,0.92,46.16765102,0.269884028,UCDSIF,wrc_csi_1,,,,,
bp14,bp14_s21_901,0,bp14-si-21,-17.01,13.83,311.61,89.55,3.479648033,0.67,46.50923731,0.19254821,UCDSIF,wrc_csi_1,,,,,
bp14,bp14_s22_902,0,bp14-si-22,-16.97,13.94,322.88,94.69,3.409844976,0.72,44.84466422,0.211153294,UCDSIF,wrc_csi_1,,,,,
bp14,bp14_s23_903,0,bp14-si-23,-16.97,13.79,320.83,91.27,3.51534334,0.71,45.1875818,0.201971737,UCDSIF,wrc_csi_1,,,,,
bp14,bp14_s24_904,0,bp14-si-24,-16.84,13.77,366.00,105.06,3.483621826,0.77,47.53246017,0.221034325,UCDSIF,wrc_csi_1,,,,,
bp14,bp14_s25_905,0,bp14-si-25,-16.74,13.73,348.53,100.62,3.463795352,0.74,47.09869628,0.213638488,UCDSIF,wrc_csi_1,,,,,
bp14,bp14_s26_906,0,bp14-si-26,-16.53,13.81,373.20,108.82,3.42957409,0.84,44.42857059,0.244928372,UCDSIF,wrc_csi_1,,,,,
bp14,bp14_s27_907,0,bp14-si-27,-16.45,13.71,266.63,78.11,3.413407196,0.86,31.00342676,0.251947673,UCDSIF,wrc_csi_1,,,,,
bp14,bp14_s28_908,0,bp14-si-28,-16.40,13.42,276.84,79.83,3.467842801,0.85,32.56931889,0.24510915,UCDSIF,wrc_csi_1,,,,,
bp14,bp14_s29_909,0,bp14-si-29,-16.56,12.59,323.91,93.21,3.475123208,0.85,38.1066562,0.244595644,UCDSIF,wrc_csi_1,,,,,
bp14,bp14_s30_910,0,bp14-si-30,-16.40,12.94,329.03,96.06,3.425277887,0.82,40.12594493,0.239396635,UCDSIF,wrc_csi_1,,,,,
bp14,bp14_s31_911,0,bp14-si-31,-16.49,12.88,300.35,86.35,3.478207963,0.69,43.52925109,0.198378017,UCDSIF,wrc_csi_1,,,,,
bp14,bp14_s32_912,0,bp14-si-32,-16.59,12.80,310.59,88.07,3.526715335,0.71,43.74476764,0.201320473,UCDSIF,wrc_csi_1,,,,,
bp14,bp14_s33_913,0,bp14-si-33,-16.87,13.52,318.78,91.49,3.484168113,0.68,46.87976436,0.195168539,UCDSIF,wrc_csi_1,,,,,
bp14,bp14_s34_914,0,bp14-si-34,-17.04,13.40,371.14,107.00,3.468688339,0.8,46.39280472,0.23063473,UCDSIF,wrc_csi_1,,,,,
bp14,bp14_s35_915,1,bp14-si-35,-17.28,13.92,314.68,89.78,3.505015311,0.75,41.95793159,0.213979094,UCDSIF,wrc_csi_1,,,,,
bp14,bp14_s35_915,2,bp14-si-35r,-17.41,13.91,313.66,89.44,3.50699511,0.7,44.80860118,0.199601077,UCDSIF,wrc_csi_1,,,,,
bpxab,bpxab_s_aug16_1015,0,bpxab-aug16-0,-18.25,9.03,368.06,118.93,3.09475378,0.83,44.34418099,0.268195811,UCDSIF,wrc_csi_1,,,,,
bent_bp01,bent_bp01_s4_1016,0,,-17.84,8.9,,,3.4,,,,,,,bentaleb2011,,,
bent_bp01,bent_bp01_s5.7_1017,0,,-17.95,9.36,,,3.4,,,,,,,bentaleb2011,,,
bent_bp01,bent_bp01_s7.3_1018,0,,-17.98,9.3,,,3.4,,,,,,,bentaleb2011,,,
bent_bp01,bent_bp01_s9.1_1019,0,,-18.55,9.21,,,3.5,,,,,,,bentaleb2011,,,
bent_bp01,bent_bp01_s10.5_1020,0,,-18.49,9.61,,,3.4,,,,,,,bentaleb2011,,,
bent_bp01,bent_bp01_s12_1021,0,,-18.18,9.95,,,3.4,,,,,,,bentaleb2011,,,
bent_bp01,bent_bp01_s13.7_1022,0,,-18.13,9.61,,,3.4,,,,,,,bentaleb2011,,,
bent_bp01,bent_bp01_s15.2_1023,0,,-17.99,9.53,,,3.5,,,,,,,bentaleb2011,,,
bent_bp01,bent_bp01_s16.7_1024,0,,-17.87,9.47,,,3.5,,,,,,,bentaleb2011,,,
bent_bp01,bent_bp01_s18.2_1025,0,,-17.87,9.51,,,3.5,,,,,,,bentaleb2011,,,
bent_bp01,bent_bp01_s19.7_1026,0,,-17.92,9.4,,,3.4,,,,,,,bentaleb2011,,,
bent_bp01,bent_bp01_s21.2_1027,0,,-18.07,9.22,,,3.5,,,,,,,bentaleb2011,,,
bent_bp01,bent_bp01_s22.7_1028,0,,-18.04,9.15,,,3.4,,,,,,,bentaleb2011,,,
bent_bp01,bent_bp01_s24.2_1029,0,,-18.12,9.36,,,3.5,,,,,,,bentaleb2011,,,
bent_bp01,bent_bp01_s25.6_1030,0,,-17.75,9.75,,,3.5,,,,,,,bentaleb2011,,,
bent_bp01,bent_bp01_s29_1031,0,,-18.03,9.38,,,,,,,,,,bentaleb2011,,,
bent_bp01,bent_bp01_s30.7_1032,0,,-17.87,9.6,,,3.5,,,,,,,bentaleb2011,,,
bent_bp02,bent_bp02_s7.1_1033,0,,-17.41,8.16,,,3.6,,,,,,,bentaleb2011,,,
bent_bp02,bent_bp02_s12.2_1034,0,,-17.97,7.99,,,3.5,,,,,,,bentaleb2011,,,
bent_bp02,bent_bp02_s16.7_1035,0,,-17.74,8.26,,,3.5,,,,,,,bentaleb2011,,,
bent_bp02,bent_bp02_s21.3_1036,0,,-16.98,7.99,,,3.5,,,,,,,bentaleb2011,,,
bent_bp02,bent_bp02_s26.8_1037,0,,-17.16,8.2,,,3.5,,,,,,,bentaleb2011,,,
bent_bp02,bent_bp02_s31.1_1038,0,,-17.61,8.35,,,3.5,,,,,,,bentaleb2011,,,
bent_bp02,bent_bp02_s36.4_1039,0,,-17.09,7.86,,,3.5,,,,,,,bentaleb2011,,,
bent_bp03,bent_bp03_s0_1040,0,,-18.15,7.62,,,3.4,,,,,,,bentaleb2011,,,
bent_bp03,bent_bp03_s0.8_1041,0,,-18.05,7.6,,,3.4,,,,,,,bentaleb2011,,,
bent_bp03,bent_bp03_s1.5_1042,0,,-18.45,7.03,,,3.4,,,,,,,bentaleb2011,,,
bent_bp03,bent_bp03_s2.4_1043,0,,-18.12,6.72,,,3.4,,,,,,,bentaleb2011,,,
bent_bp03,bent_bp03_s3.3_1044,0,,-17.85,7.35,,,3.4,,,,,,,bentaleb2011,,,
bent_bp03,bent_bp03_s4.3_1045,0,,-18.35,7.93,,,3.4,,,,,,,bentaleb2011,,,
bent_bp03,bent_bp03_s6.3_1046,0,,-18.24,7.77,,,3.4,,,,,,,bentaleb2011,,,
bent_bp03,bent_bp03_s7.2_1047,0,,-18.38,7.7,,,3.4,,,,,,,bentaleb2011,,,
bent_bp03,bent_bp03_s8.9_1048,0,,-18.37,7.28,,,3.4,,,,,,,bentaleb2011,,,
bent_bp03,bent_bp03_s9.9_1049,0,,-18.35,7.31,,,3.4,,,,,,,bentaleb2011,,,
bent_bp03,bent_bp03_s11.7_1050,0,,-18.36,7.73,,,3.4,,,,,,,bentaleb2011,,,
bent_bp03,bent_bp03_s14.8_1051,0,,-18.53,7.47,,,3.5,,,,,,,bentaleb2011,,,
bent_bp03,bent_bp03_s15.7_1052,0,,-18.18,7.21,,,3.4,,,,,,,bentaleb2011,,,
bent_bp03,bent_bp03_s17.6_1053,0,,-18.12,7.14,,,3.4,,,,,,,bentaleb2011,,,
bent_bp03,bent_bp03_s18.5_1054,0,,-17.69,6.63,,,3.4,,,,,,,bentaleb2011,,,
bent_bp03,bent_bp03_s19.5_1055,0,,-17.54,6.36,,,3.4,,,,,,,bentaleb2011,,,
bent_bp03,bent_bp03_s20.5_1056,0,,-17.67,6.7,,,3.4,,,,,,,bentaleb2011,,,
bent_bp03,bent_bp03_s21.4_1057,0,,-17.89,7.27,,,3.3,,,,,,,bentaleb2011,,,
bent_bp03,bent_bp03_s22.4_1058,0,,-17.82,6.86,,,3.4,,,,,,,bentaleb2011,,,
bent_bp03,bent_bp03_s23.3_1059,0,,-17.96,7.08,,,3.4,,,,,,,bentaleb2011,,,
bent_bp03,bent_bp03_s24.5_1060,0,,-18.1,6.65,,,3.3,,,,,,,bentaleb2011,,,
bent_bp03,bent_bp03_s25.4_1061,0,,-17.79,7.28,,,3.4,,,,,,,bentaleb2011,,,
bent_bp03,bent_bp03_s26.4_1062,0,,-17.72,7.23,,,3.4,,,,,,,bentaleb2011,,,
bent_bp03,bent_bp03_s27.8_1063,0,,-17.95,7.49,,,3.4,,,,,,,bentaleb2011,,,
bent_bp03,bent_bp03_s28.2_1064,0,,-17.98,7.06,,,3.4,,,,,,,bentaleb2011,,,
bent_bp03,bent_bp03_s29_1065,0,,-17.64,7.15,,,3.4,,,,,,,bentaleb2011,,,
bent_bp03,bent_bp03_s29.9_1066,0,,-17.62,7.1,,,3.4,,,,,,,bentaleb2011,,,
bent_bp03,bent_bp03_s30.8_1067,0,,-17.71,7.01,,,3.4,,,,,,,bentaleb2011,,,
bent_bp03,bent_bp03_s31.6_1068,0,,-17.83,7.1,,,3.4,,,,,,,bentaleb2011,,,
bent_bp03,bent_bp03_s32.2_1069,0,,-17.57,7.02,,,3.3,,,,,,,bentaleb2011,,,
bent_bp04,bent_bp04_s1.7_1070,0,,-17.54,7.44,,,3.4,,,,,,,bentaleb2011,,,
bent_bp04,bent_bp04_s3.8_1071,0,,-17.99,7.54,,,3.4,,,,,,,bentaleb2011,,,
bent_bp04,bent_bp04_s4.7_1072,0,,-18.12,8.34,,,3.4,,,,,,,bentaleb2011,,,
bent_bp04,bent_bp04_s6.4_1073,0,,-18.62,7.92,,,3.4,,,,,,,bentaleb2011,,,
bent_bp04,bent_bp04_s7.4_1074,0,,-18.53,7.46,,,3.4,,,,,,,bentaleb2011,,,
bent_bp04,bent_bp04_s9.3_1075,0,,-18.44,7.59,,,3.4,,,,,,,bentaleb2011,,,
bent_bp04,bent_bp04_s10.4_1076,0,,,7.78,,,,,,,,,,bentaleb2011,,,
bent_bp04,bent_bp04_s12.4_1077,0,,-17.65,7.7,,,3.4,,,,,,,bentaleb2011,,,
bent_bp04,bent_bp04_s13.3_1078,0,,-17.78,7.61,,,3.3,,,,,,,bentaleb2011,,,
bent_bp05,bent_bp05_s0.65_1079,0,,-18.11,7.64,,,3.4,,,,,,,bentaleb2011,,,
bent_bp05,bent_bp05_s1.75_1080,0,,-17.91,7.33,,,3.3,,,,,,,bentaleb2011,,,
bent_bp05,bent_bp05_s2.85_1081,0,,-18.25,7.27,,,3.3,,,,,,,bentaleb2011,,,
bent_bp05,bent_bp05_s3.9_1082,0,,-18.45,7.09,,,3.4,,,,,,,bentaleb2011,,,
bent_bp05,bent_bp05_s5.1_1083,0,,-18.19,6.69,,,3.3,,,,,,,bentaleb2011,,,
bent_bp05,bent_bp05_s6.2_1084,0,,-18.24,7.15,,,3.3,,,,,,,bentaleb2011,,,
bent_bp05,bent_bp05_s7.25_1085,0,,-18.75,7.11,,,3.4,,,,,,,bentaleb2011,,,
bent_bp05,bent_bp05_s8.3_1086,0,,-18.56,7.31,,,3.3,,,,,,,bentaleb2011,,,
bent_bp05,bent_bp05_s9.4_1087,0,,-18.51,7.56,,,3.3,,,,,,,bentaleb2011,,,
bent_bp05,bent_bp05_s10.4_1088,0,,-18.3,7.25,,,3.3,,,,,,,bentaleb2011,,,
bent_bp06,bent_bp06_s0_1089,0,,-17.98,6.71,,,3.7,,,,,,,bentaleb2011,,,
bent_bp06,bent_bp06_s2_1090,0,,-18.36,7.48,,,3.5,,,,,,,bentaleb2011,,,
bent_bp06,bent_bp06_s3.8_1091,0,,-18.72,7.38,,,3.66,,,,,,,bentaleb2011,,,
bent_bp06,bent_bp06_s5.8_1092,0,,-17.98,6.82,,,3.6,,,,,,,bentaleb2011,,,
bent_bp06,bent_bp06_s7.8_1093,0,,-18.48,7.96,,,3.4,,,,,,,bentaleb2011,,,
bent_bp06,bent_bp06_s9.8_1094,0,,-18.47,7.6,,,3.4,,,,,,,bentaleb2011,,,
bent_bp06,bent_bp06_s12_1095,0,,-18.29,7.47,,,3.7,,,,,,,bentaleb2011,,,
bent_bp06,bent_bp06_s16.2_1096,0,,-18.4,7.75,,,3.4,,,,,,,bentaleb2011,,,
bent_bp06,bent_bp06_s18.3_1097,0,,-17.76,7.39,,,3.6,,,,,,,bentaleb2011,,,
bent_bp06,bent_bp06_s20.2_1098,0,,-18.52,7.8,,,3.4,,,,,,,bentaleb2011,,,
bent_bp06,bent_bp06_s22.2_1099,0,,-18.54,7.84,,,3.4,,,,,,,bentaleb2011,,,
bent_bp06,bent_bp06_s23.9_1100,0,,-17.91,6.68,,,3.6,,,,,,,bentaleb2011,,,
bent_bp06,bent_bp06_s25.8_1101,0,,-18.33,7.39,,,3.4,,,,,,,bentaleb2011,,,
bent_bp06,bent_bp06_s27.7_1102,0,,-18.14,7.9,,,3.4,,,,,,,bentaleb2011,,,
bent_bp06,bent_bp06_s29.8_1103,0,,-17.84,7.36,,,3.7,,,,,,,bentaleb2011,,,
bent_bp06,bent_bp06_s31.6_1104,0,,-18.68,7.86,,,3.6,,,,,,,bentaleb2011,,,
bent_bp06,bent_bp06_s33.8_1105,0,,-18.23,8.06,,,3.4,,,,,,,bentaleb2011,,,
bent_bp07,bent_bp07_s5.2_1106,0,,-18.37,7.38,,,3.4,,,,,,,bentaleb2011,,,
bent_bp07,bent_bp07_s6.9_1107,0,,-18.71,7.45,,,3.4,,,,,,,bentaleb2011,,,
bent_bp07,bent_bp07_s10.5_1108,0,,-18.45,8.18,,,3.4,,,,,,,bentaleb2011,,,
bent_bp07,bent_bp07_s11.7_1109,0,,-18.42,7.71,,,3.4,,,,,,,bentaleb2011,,,
bent_bp07,bent_bp07_s14.8_1110,0,,-18.27,7.74,,,3.5,,,,,,,bentaleb2011,,,
bent_bp07,bent_bp07_s16.5_1111,0,,-18.28,7.96,,,3.5,,,,,,,bentaleb2011,,,
bent_bp07,bent_bp07_s20.1_1112,0,,-18.2,7.93,,,3.4,,,,,,,bentaleb2011,,,
bent_bp07,bent_bp07_s21.6_1113,0,,-18.29,7.95,,,3.4,,,,,,,bentaleb2011,,,
bent_bp07,bent_bp07_s26.2_1114,0,,-18.24,7.46,,,3.4,,,,,,,bentaleb2011,,,
bent_bp07,bent_bp07_s28.4_1115,0,,-18.32,7.77,,,3.4,,,,,,,bentaleb2011,,,
bent_bp07,bent_bp07_s30_1116,0,,,7.74,,,,,,,,,,bentaleb2011,,,
bent_bp07,bent_bp07_s34_1117,0,,-18.09,6.84,,,3.3,,,,,,,bentaleb2011,,,
bent_bp08,bent_bp08_s4_1118,0,,-18.41,6.87,,,3.5,,,,,,,bentaleb2011,,,
bent_bp08,bent_bp08_s5.4_1119,0,,-18.9,6.69,,,3.7,,,,,,,bentaleb2011,,,
bent_bp08,bent_bp08_s5.8_1120,0,,-18.28,7.08,,,3.5,,,,,,,bentaleb2011,,,
bent_bp08,bent_bp08_s6.2_1121,0,,-19.32,6.69,,,3.9,,,,,,,bentaleb2011,,,
bent_bp08,bent_bp08_s6.9_1122,0,,-18.78,6.96,,,3.5,,,,,,,bentaleb2011,,,
bent_bp08,bent_bp08_s8.3_1123,0,,-18.82,6.74,,,3.6,,,,,,,bentaleb2011,,,
bent_bp08,bent_bp08_s9.1_1124,0,,-19.25,6.7,,,4,,,,,,,bentaleb2011,,,
bent_bp08,bent_bp08_s9.7_1125,0,,-18.76,6.57,,,3.7,,,,,,,bentaleb2011,,,
bent_bp08,bent_bp08_s10.5_1126,0,,-18.78,6.44,,,3.6,,,,,,,bentaleb2011,,,
bent_bp08,bent_bp08_s11.2_1127,0,,-18.66,6.58,,,3.6,,,,,,,bentaleb2011,,,
bent_bp08,bent_bp08_s12_1128,0,,-18.02,6.79,,,3.4,,,,,,,bentaleb2011,,,
bent_bp08,bent_bp08_s12.7_1129,0,,-18.23,6.93,,,3.5,,,,,,,bentaleb2011,,,
bent_bp08,bent_bp08_s13.5_1130,0,,-18.05,6.61,,,3.6,,,,,,,bentaleb2011,,,
bent_bp08,bent_bp08_s15.5_1131,0,,-18.2,6.79,,,3.6,,,,,,,bentaleb2011,,,
bent_bp08,bent_bp08_s16.4_1132,0,,-18.05,7.01,,,3.5,,,,,,,bentaleb2011,,,
bent_bp08,bent_bp08_s17.2_1133,0,,-17.97,7.07,,,3.6,,,,,,,bentaleb2011,,,
bent_bp08,bent_bp08_s18.1_1134,0,,-18.64,6.77,,,3.7,,,,,,,bentaleb2011,,,
bent_bp08,bent_bp08_s18.9_1135,0,,-18.26,7.03,,,3.6,,,,,,,bentaleb2011,,,
bent_bp08,bent_bp08_s19.7_1136,0,,-18.62,7,,,3.7,,,,,,,bentaleb2011,,,
bent_bp08,bent_bp08_s20.5_1137,0,,-18.21,7.04,,,3.6,,,,,,,bentaleb2011,,,
bent_bp08,bent_bp08_s22.4_1138,0,,-18.46,6.32,,,3.5,,,,,,,bentaleb2011,,,
bent_bp08,bent_bp08_s23.4_1139,0,,-18.29,6.64,,,3.5,,,,,,,bentaleb2011,,,
bent_bp08,bent_bp08_s24.4_1140,0,,-18.73,7.02,,,3.6,,,,,,,bentaleb2011,,,
bent_bp08,bent_bp08_s25.4_1141,0,,-18.28,6.66,,,3.5,,,,,,,bentaleb2011,,,
bent_bp08,bent_bp08_s26.2_1142,0,,-18.8,7.23,,,3.7,,,,,,,bentaleb2011,,,
bent_bp08,bent_bp08_s27.1_1143,0,,-18.39,6.99,,,3.5,,,,,,,bentaleb2011,,,
bent_bp08,bent_bp08_s28.2_1144,0,,-18.52,6.93,,,3.6,,,,,,,bentaleb2011,,,
bent_bp08,bent_bp08_s29.5_1145,0,,-18.36,6.69,,,3.6,,,,,,,bentaleb2011,,,
bent_bp08,bent_bp08_s30.6_1146,0,,-17.99,6.97,,,3.5,,,,,,,bentaleb2011,,,
bent_bp08,bent_bp08_s31.8_1147,0,,-18.14,6.69,,,3.5,,,,,,,bentaleb2011,,,
bent_bp08,bent_bp08_s32.9_1148,0,,-18.3,6.88,,,3.5,,,,,,,bentaleb2011,,,
bent_bp08,bent_bp08_s33.9_1149,0,,-18.08,7.16,,,3.5,,,,,,,bentaleb2011,,,
bent_bp09,bent_bp09_s0.35_1150,0,,-17.57,7.29,,,3.5,,,,,,,bentaleb2011,,,
bent_bp09,bent_bp09_s1.25_1151,0,,-18.05,6.84,,,3.4,,,,,,,bentaleb2011,,,
bent_bp09,bent_bp09_s2.15_1152,0,,-17.53,7.16,,,3.4,,,,,,,bentaleb2011,,,
bent_bp09,bent_bp09_s3_1153,0,,-17.79,7.11,,,3.4,,,,,,,bentaleb2011,,,
bent_bp09,bent_bp09_s3.85_1154,0,,-18.02,7.83,,,3.4,,,,,,,bentaleb2011,,,
bent_bp09,bent_bp09_s4.75_1155,0,,-18.16,7.55,,,3.4,,,,,,,bentaleb2011,,,
bent_bp09,bent_bp09_s5.8_1156,0,,-17.86,6.58,,,3.4,,,,,,,bentaleb2011,,,
bent_bp09,bent_bp09_s6.85_1157,0,,-18.18,6.4,,,3.4,,,,,,,bentaleb2011,,,
bent_bp09,bent_bp09_s7.25_1158,0,,-18.32,6.36,,,3.3,,,,,,,bentaleb2011,,,
bent_bp09,bent_bp09_s8.05_1159,0,,-17.9,7.1,,,3.4,,,,,,,bentaleb2011,,,
bent_bp09,bent_bp09_s8.7_1160,0,,-18.18,7.09,,,3.3,,,,,,,bentaleb2011,,,
bent_bp09,bent_bp09_s9.7_1161,0,,-18.06,6.83,,,3.4,,,,,,,bentaleb2011,,,
bent_bp10,bent_bp10_s0.9_1162,0,,-18.02,7.61,,,3.3,,,,,,,bentaleb2011,,,
bent_bp10,bent_bp10_s3_1163,0,,-18.15,8.12,,,3.4,,,,,,,bentaleb2011,,,
bent_bp10,bent_bp10_s4.1_1164,0,,-18.08,8.08,,,3.4,,,,,,,bentaleb2011,,,
bent_bp10,bent_bp10_s5.1_1165,0,,-18.19,7.73,,,3.3,,,,,,,bentaleb2011,,,
bent_bp10,bent_bp10_s6.2_1166,0,,-18.33,7.14,,,3.4,,,,,,,bentaleb2011,,,
bent_bp10,bent_bp10_s7.25_1167,0,,-18.83,7.31,,,3.8,,,,,,,bentaleb2011,,,
bent_bp10,bent_bp10_s8.15_1168,0,,-18.46,7.15,,,3.3,,,,,,,bentaleb2011,,,
bent_bp10,bent_bp10_s9.25_1169,0,,-18.7,7.56,,,3.4,,,,,,,bentaleb2011,,,
bent_bp10,bent_bp10_s10.35_1170,0,,-18.41,7.68,,,3.4,,,,,,,bentaleb2011,,,
bent_bp10,bent_bp10_s10.35_1171,0,,-18.34,7.96,,,3.4,,,,,,,bentaleb2011,,,
bent_bp10,bent_bp10_s11.45_1172,0,,-18.24,7.95,,,3.4,,,,,,,bentaleb2011,,,
bent_bp10,bent_bp10_s12.55_1173,0,,-18.16,7.9,,,3.3,,,,,,,bentaleb2011,,,
bent_bp10,bent_bp10_s13_1174,0,,-18.66,8.38,,,3.6,,,,,,,bentaleb2011,,,
bent_bp10,bent_bp10_s14.75_1175,0,,-18.12,8.35,,,3.3,,,,,,,bentaleb2011,,,
bent_bp10,bent_bp10_s16_1176,0,,-18.11,8,,,3.4,,,,,,,bentaleb2011,,,
bent_bp10,bent_bp10_s17.2_1177,0,,-18.69,8.49,,,3.5,,,,,,,bentaleb2011,,,
bent_bp10,bent_bp10_s18.35_1178,0,,-18.5,8.68,,,3.3,,,,,,,bentaleb2011,,,
bent_bp10,bent_bp10_s19.5_1179,0,,-18.53,8.23,,,3.3,,,,,,,bentaleb2011,,,
bent_bp10,bent_bp10_s20.65_1180,0,,-18.84,7.17,,,3.4,,,,,,,bentaleb2011,,,
bent_bp10,bent_bp10_s21.75_1181,0,,-18.94,6.5,,,3.4,,,,,,,bentaleb2011,,,
bent_bp10,bent_bp10_s23.25_1182,0,,-18.83,8.14,,,3.4,,,,,,,bentaleb2011,,,
bent_bp10,bent_bp10_s24.55_1183,0,,-19.25,7.95,,,3.5,,,,,,,bentaleb2011,,,
bent_bp10,bent_bp10_s27.15_1184,0,,-18.26,7.82,,,3.4,,,,,,,bentaleb2011,,,
bent_bp10,bent_bp10_s28.55_1185,0,,-18.05,8.09,,,3.4,,,,,,,bentaleb2011,,,
bent_bp10,bent_bp10_s29.65_1186,0,,-17.94,7.23,,,3.3,,,,,,,bentaleb2011,,,
bent_bp10,bent_bp10_s30.9_1187,0,,-18.14,7.46,,,3.3,,,,,,,bentaleb2011,,,
bent_bp10,bent_bp10_s32.1_1188,0,,-18.5,7.92,,,3.5,,,,,,,bentaleb2011,,,
bent_bp10,bent_bp10_s33.2_1189,0,,-18.34,7.97,,,3.4,,,,,,,bentaleb2011,,,
bent_bp10,bent_bp10_s34.3_1190,0,,-18.15,7.87,,,3.4,,,,,,,bentaleb2011,,,
bent_bp10,bent_bp10_s35.5_1191,0,,-18.08,7.6,,,3.5,,,,,,,bentaleb2011,,,
bent_bp10,bent_bp10_s36.7_1192,0,,-18.19,7.29,,,3.5,,,,,,,bentaleb2011,,,
bent_bp10,bent_bp10_s37.9_1193,0,,-18.24,7.31,,,3.4,,,,,,,bentaleb2011,,,
bent_bp10,bent_bp10_s39_1194,0,,-18.29,7.34,,,3.4,,,,,,,bentaleb2011,,,
bent_bp10,bent_bp10_s40.2_1195,0,,-17.95,7.23,,,3.4,,,,,,,bentaleb2011,,,
bent_bp10,bent_bp10_s42.4_1196,0,,-18.1,7.38,,,3.3,,,,,,,bentaleb2011,,,
bent_bp10,bent_bp10_s43.4_1197,0,,-19.21,7.08,,,3.7,,,,,,,bentaleb2011,,,
bent_bp10,bent_bp10_s44.5_1198,0,,-17.79,7.64,,,3.3,,,,,,,bentaleb2011,,,
bent_bp10,bent_bp10_s45.6_1199,0,,-18.07,7.36,,,3.3,,,,,,,bentaleb2011,,,
bent_bp10,bent_bp10_s46.5_1200,0,,-17.88,8.1,,,3.3,,,,,,,bentaleb2011,,,
bent_bp10,bent_bp10_s47.5_1201,0,,-17.95,7.83,,,3.3,,,,,,,bentaleb2011,,,
bent_bp10,bent_bp10_s48.5_1202,0,,-18.5,7.81,,,3.5,,,,,,,bentaleb2011,,,
bent_bp10,bent_bp10_s49.55_1203,0,,-17.73,7.47,,,3.3,,,,,,,bentaleb2011,,,
bent_bp10,bent_bp10_s50.65_1204,0,,-17.37,7.91,,,3.3,,,,,,,bentaleb2011,,,
bent_bp10,bent_bp10_s51.55_1205,0,,-17.75,7.25,,,3.3,,,,,,,bentaleb2011,,,
1753_5F,1753_5F_s_1206,,,-20.9,5.3,,,3.8,,,,,,,bentaleb2011,-20.9,6.3,3.5
1753_6F,1753_6F_s_1207,,,-21.4,4.5,,,3.9,,,,,,,bentaleb2011,-21.2,5.5,3.7
1755_1M,1755_1M_s_1208,,,-21.5,5.7,,,3.7,,,,,,,bentaleb2011,-21.4,6,3.6
1755_2M,1755_2M_s_1209,,,-20.7,6.8,,,3.5,,,,,,,bentaleb2011,-20.6,7.1,3.5
1755_3M,1755_3M_s_1210,,,-21.2,5.9,,,3.9,,,,,,,bentaleb2011,-20.8,6.5,3.5
1755_4M,1755_4M_s_1211,,,-20.7,6.6,,,3.5,,,,,,,bentaleb2011,-20.7,6.7,3.5
1754_SUB6,1754_SUB6_s_1212,,,-21.3,7.1,,,3.9,,,,,,,bentaleb2011,-21,7.1,3.6
1756_SUB1,1756_SUB1_s_1213,,,-21.1,7.8,,,3.6,,,,,,,bentaleb2011,-21.2,7.8,3.6
1756_SUB2,1756_SUB2_s_1214,,,-21.2,8.4,,,4,,,,,,,bentaleb2011,-20.9,8.6,3.7
1756_SUB3,1756_SUB3_s_1215,,,-21.4,7.2,,,3.9,,,,,,,bentaleb2011,-21.2,7.3,3.7
1756_SUB4,1756_SUB4_s_1216,,,-20.9,7.4,,,4,,,,,,,bentaleb2011,-20.9,7.3,4
1756_SUB5,1756_SUB5_s_1217,,,-21.7,6.9,,,3.8,,,,,,,bentaleb2011,-21.4,7.2,3.5
bp05,bp05_s1_284,0,bp05-s1-284,-18.77,13.72,356.42,94.60,3.767440119,0.81,44.00207498,0.215000099,UCDSIF,wrc-csi-3,,,,,
bp05,bp05_s1_284,1,bp05-s1-284-R,-19.38,13.79,486.36,130.36,3.730921798,0.99,49.12754754,0.265349973,UCDSIF,wrc-csi-3,,,,,
bp05,bp05_s2_285,0,bp05-s2-285,-19.01,13.70,365.60,96.56,3.786201195,0.73,50.08174968,0.192805391,UCDSIF,wrc-csi-3,,,,,
bp05,bp05_s3_286,0,bp05-s3-286,-19.34,13.78,457.52,122.87,3.723674502,0.89,51.40620317,0.239011224,UCDSIF,wrc-csi-3,,,,,
bp05,bp05_s4_287,0,bp05-s4-287,-19.72,13.87,580.91,160.48,3.619805945,0.73,79.57654659,0.201668269,UCDSIF,wrc-csi-3,,,,,
bp05,bp05_s5_288,0,bp05-s5-288,-18.59,13.92,320.97,86.40,3.714852189,0.64,50.15123258,0.172281417,UCDSIF,wrc-csi-3,,,,,
bp05,bp05_s6_289,0,bp05-s6-289,-18.52,13.99,423.34,112.64,3.758437801,0.75,56.44493608,0.199550994,UCDSIF,wrc-csi-3,,,,,
bp05,bp05_s7_290,0,bp05-s7-290,-18.20,14.23,449.88,120.50,3.733329614,0.69,65.19980935,0.184821613,UCDSIF,wrc-csi-3,,,,,
bp05,bp05_s8_291,0,bp05-s8-291,-18.03,14.57,280.76,75.88,3.700065272,0.6,46.79390402,0.162159301,UCDSIF,wrc-csi-3,,,,,
bp05,bp05_s9_292,0,bp05-s9-292,-18.00,14.69,410.17,109.49,3.746085536,0.8,51.27184842,0.213556256,UCDSIF,wrc-csi-3,,,,,
bp05,bp05_s10_293,0,bp05-s10-293,-18.27,15.28,474.78,127.60,3.720948783,0.91,52.17404641,0.244561281,UCDSIF,wrc-csi-3,,,,,
bp05,bp05_s11_294,0,bp05-s11-294,-18.28,15.71,466.13,125.63,3.71050655,0.93,50.12199519,0.250639633,UCDSIF,wrc-csi-3,,,,,
bp05,bp05_s12_295,0,bp05-s12-295,-17.93,15.85,394.29,104.79,3.762811545,0.78,50.5499241,0.207291806,UCDSIF,wrc-csi-3,,,,,
bp05,bp05_s12_295,1,bp05-s12-295-R,-17.92,15.83,399.88,106.35,3.759908792,0.86,46.49811893,0.228728953,UCDSIF,wrc-csi-3,,,,,
bp05,bp05_s13_296,0,bp05-s13-296,-17.84,16.06,395.22,104.79,3.771700904,0.83,47.61697434,0.220059867,UCDSIF,wrc-csi-3,,,,,
bp05,bp05_s14_297,0,bp05-s14-297,-17.57,15.73,338.17,90.31,3.744715097,0.67,50.47278982,0.178918818,UCDSIF,wrc-csi-3,,,,,
bp05,bp05_s15_298,0,bp05-s15-298,-17.50,15.32,337.26,88.74,3.800393741,0.64,52.69673665,0.168403603,UCDSIF,wrc-csi-3,,,,,
bp05,bp05_s16_299,0,bp05-s16-299,-17.82,14.95,439.42,116.17,3.782387634,0.78,56.33552115,0.206218948,UCDSIF,wrc-csi-3,,,,,
bp05,bp05_s17_300,0,bp05-s17-300,-17.17,14.23,338.17,89.13,3.793938786,0.79,42.80603694,0.20822687,UCDSIF,wrc-csi-3,,,,,
bp05,bp05_s18_301,0,bp05-s18-301,-17.20,13.50,413.93,110.67,3.740124719,0.86,48.13116718,0.229938856,UCDSIF,wrc-csi-3,,,,,
bp05,bp05_s19_302,0,bp05-s19-302,-17.46,12.95,387.78,98.91,3.920582041,0.81,47.87399971,0.206601977,UCDSIF,wrc-csi-3,,,,,
bp05,bp05_s20_303,0,bp05-s20-303,-17.34,12.88,453.69,121.29,3.740543494,0.88,51.55613538,0.23525993,UCDSIF,wrc-csi-3,,,,,
bp05,bp05_s21_304,0,bp05-s21-304,-16.86,12.73,312.87,84.45,3.704729043,0.63,49.66145326,0.170052922,UCDSIF,wrc-csi-3,,,,,
bp05,bp05_s22_305,0,bp05-s22-305,-17.53,12.23,429.00,107.53,3.989522668,0.85,50.47060479,0.21305807,UCDSIF,wrc-csi-3,,,,,
bp05,bp05_s23_306,0,bp05-s23-306,-16.70,11.72,334.54,88.35,3.786362042,0.67,49.93068643,0.176950855,UCDSIF,wrc-csi-3,,,,,
bp05,bp05_s24_307,0,bp05-s24-307,-17.64,11.38,384.07,91.87,4.180641251,0.77,49.87889846,0.184182271,UCDSIF,wrc-csi-3,,,,,
bp05,bp05_s25_308,0,bp05-s25-308,-16.99,11.15,306.59,80.55,3.80604065,0.61,50.26020835,0.160271541,UCDSIF,wrc-csi-3,,,,,
bp05,bp05_s26_309,0,bp05-s26-309,-16.88,11.02,395.22,104.39,3.785867323,0.85,46.49657494,0.224519226,UCDSIF,wrc-csi-3,,,,,
bp05,bp05_s27_310,0,bp05-s27-310,-16.84,10.61,360.08,95.39,3.774995248,0.69,52.18613926,0.182781687,UCDSIF,wrc-csi-3,,,,,
bp05,bp05_s27_310,1,bp05-s27-310-R,-16.82,10.70,377.59,99.69,3.787535392,0.72,52.44249309,0.190097234,UCDSIF,wrc-csi-3,,,,,
bp05,bp05_s28_311,0,bp05-s28-311,-17.49,10.66,311.07,76.66,4.05785698,0.63,49.37635808,0.155254363,UCDSIF,wrc-csi-3,,,,,
bp06,bp06_s1_318,0,bp06-s1-318,-17.25,11.49,330.91,92.26,3.586748599,0.62,53.37248653,0.172858505,UCDSIF,wrc-csi-3,,,,,
bp06,bp06_s2_319,0,bp06-s2-319,-17.38,11.29,429.95,122.08,3.521870379,0.84,51.18396273,0.23850963,UCDSIF,wrc-csi-3,,,,,
bp06,bp06_s3_320,0,bp06-s3-320,-17.42,10.54,411.11,114.60,3.587318566,0.86,47.8037844,0.239733379,UCDSIF,wrc-csi-3,,,,,
bp06,bp06_s3_320,1,bp06-s3-320-R,-17.75,10.47,497.99,141.43,3.521149615,0.94,52.9781713,0.266958267,UCDSIF,wrc-csi-3,,,,,
bp06,bp06_s4_321,0,bp06-s4-321,-16.99,9.89,372.97,104.39,3.572697985,0.71,52.53061133,0.198729364,UCDSIF,wrc-csi-3,,,,,
bp06,bp06_s5_322,0,bp06-s5-322,-18.06,10.09,412.99,107.92,3.826662267,0.97,42.5762032,0.253484612,UCDSIF,wrc-csi-3,,,,,
bp06,bp06_s6_323,0,bp06-s6-323,-17.21,10.57,419.57,116.96,3.587249095,0.85,49.36105822,0.23695037,UCDSIF,wrc-csi-3,,,,,
bp06,bp06_s7_324,0,bp06-s7-324,-17.08,11.09,425.22,119.72,3.551935887,0.87,48.87623561,0.244936853,UCDSIF,wrc-csi-3,,,,,
bp06,bp06_s8_325,0,bp06-s8-325,-17.01,11.39,281.65,80.55,3.496448215,0.64,44.0076141,0.183042894,UCDSIF,wrc-csi-3,,,,,
bp06,bp06_s9_326,0,bp06-s9-326,-16.91,11.27,395.22,110.28,3.583809632,0.83,47.61697434,0.231597123,UCDSIF,wrc-csi-3,,,,,
bp06,bp06_s10_327,0,bp06-s10-327,-16.85,11.07,387.78,107.92,3.593074329,0.8,48.4724247,0.222650557,UCDSIF,wrc-csi-3,,,,,
bp06,bp06_s11_328,0,bp06-s11-328,-17.01,11.21,315.56,88.35,3.571637339,0.65,48.5483193,0.181989362,UCDSIF,wrc-csi-3,,,,,
bp06,bp06_s12_329,0,bp06-s12-329,-16.92,11.36,344.54,96.56,3.568112659,0.81,42.53556485,0.227010769,UCDSIF,wrc-csi-3,,,,,
bp06,bp06_s13_330,0,bp06-s13-330,-17.34,12.08,431.84,123.26,3.503444228,0.83,52.02851656,0.236909723,UCDSIF,wrc-csi-3,,,,,
bp06,bp06_s14_331,0,bp06-s14-331,-17.11,12.39,345.45,96.17,3.592107196,0.72,47.97911217,0.200439453,UCDSIF,wrc-csi-3,,,,,
bp06,bp06_s14_331,1,bp06-s14-331-R,-17.24,12.39,395.22,110.28,3.583809632,0.85,46.49657494,0.237177776,UCDSIF,wrc-csi-3,,,,,
bp06,bp06_s15_332,0,bp06-s15-332,-17.27,12.32,377.59,107.14,3.524252201,0.82,46.04706711,0.232673473,UCDSIF,wrc-csi-3,,,,,
bp06,bp06_s16_333,0,bp06-s16-333,-17.38,11.94,304.80,85.23,3.576127792,0.69,44.17338299,0.192946125,UCDSIF,wrc-csi-3,,,,,
bp06,bp06_s17_334,0,bp06-s17-334,-17.40,11.67,289.63,82.11,3.527314889,0.67,43.22882201,0.189946183,UCDSIF,wrc-csi-3,,,,,
bp06,bp06_s18_335,0,bp06-s18-335,-17.23,11.31,362.84,100.47,3.611236012,0.76,47.74196112,0.210454259,UCDSIF,wrc-csi-3,,,,,
bp06,bp06_s19_336,0,bp06-s19-336,-17.07,11.42,318.26,89.52,3.555065472,0.73,43.59785202,0.205340803,UCDSIF,wrc-csi-3,,,,,
bp06,bp06_s20_337,0,bp06-s20-337,-17.17,11.39,375.74,104.00,3.612800875,0.79,47.56169597,0.218666909,UCDSIF,wrc-csi-3,,,,,
bp06,bp06_s21_338,0,bp06-s21-338,-17.24,11.45,380.36,105.96,3.589589897,0.81,46.9582159,0.225652518,UCDSIF,wrc-csi-3,,,,,
bp06,bp06_s22_339,0,bp06-s22-339,-17.53,11.38,418.63,117.75,3.55528488,0.95,44.06609599,0.267207842,UCDSIF,wrc-csi-3,,,,,
bp06,bp06_s22_339,1,bp06-s22-339-R,-17.33,11.42,392.43,108.71,3.609886922,0.94,41.74761257,0.260395968,UCDSIF,wrc-csi-3,,,,,
bp06,bp06_s23_340,0,bp06-s23-340,-17.10,11.20,257.88,73.16,3.524908269,0.61,42.27460963,0.173054149,UCDSIF,wrc-csi-3,,,,,
bp06,bp06_s24_341,0,bp06-s24-341,-16.77,10.23,368.36,102.43,3.596056663,0.84,43.85213871,0.2335892,UCDSIF,wrc-csi-3,,,,,
bp15,bp15_s2_924,0,bp15-s2-924,-16.69,12.83,344.54,96.17,3.582628761,0.72,47.85251046,0.200969748,UCDSIF,wrc-csi-3,,,,,
bp15,bp15_s3_925,0,bp15-s3-925,-16.89,12.76,366.52,104.00,3.524142726,0.78,46.98933343,0.221330423,UCDSIF,wrc-csi-3,,,,,
bp15,bp15_s4_926,0,bp15-s4-926,-16.86,12.79,316.46,89.13,3.550440408,0.66,47.94905871,0.185892431,UCDSIF,wrc-csi-3,,,,,
bp15,bp15_s4_926,1,bp15-s4-926-R,-16.81,12.92,325.48,93.04,3.498271163,0.72,45.20572557,0.205815949,UCDSIF,wrc-csi-3,,,,,
bp15,bp15_s5_927,0,bp15-s5-927,-16.82,13.05,309.28,89.13,3.469804733,0.66,46.86006572,0.190212433,UCDSIF,wrc-csi-3,,,,,
bp15,bp15_s6_928,0,bp15-s6-928,-16.81,13.43,308.38,88.74,3.474966703,0.66,46.72419345,0.189929877,UCDSIF,wrc-csi-3,,,,,
bp15,bp15_s7_929,0,bp15-s7-929,-17.14,13.53,424.28,120.50,3.520897874,0.94,45.13616495,0.266977355,UCDSIF,wrc-csi-3,,,,,
bp15,bp15_s8_930,0,bp15-s8-930,-17.16,13.64,369.28,103.22,3.577672475,0.87,42.44587373,0.243174859,UCDSIF,wrc-csi-3,,,,,
bp15,bp15_s9_931,0,bp15-s9-931,-17.08,13.58,334.54,93.04,3.595587556,0.75,44.60474655,0.208588996,UCDSIF,wrc-csi-3,,,,,
bp15,bp15_s10_932,0,bp15-s10-932,-17.18,13.51,264.01,75.49,3.49724781,0.61,43.28078538,0.17442287,UCDSIF,wrc-csi-3,,,,,
bp15,bp15_s11_933,0,bp15-s11-933,-17.03,13.57,306.59,85.62,3.580751423,0.69,44.43293782,0.192696984,UCDSIF,wrc-csi-3,,,,,
bp15,bp15_s12_934,0,bp15-s12-934,-17.42,13.24,358.25,99.30,3.607746954,0.85,42.14704063,0.235604107,UCDSIF,wrc-csi-3,,,,,
bp15,bp15_s13_935,0,bp15-s13-935,-17.11,12.92,412.99,117.35,3.519155725,0.95,43.47254432,0.269951112,UCDSIF,wrc-csi-3,,,,,
bp15,bp15_s14_936,0,bp15-s14-936,-16.09,12.23,316.46,89.52,3.534953226,0.67,47.23340112,0.189535747,UCDSIF,wrc-csi-3,,,,,
bp15,bp15_s14_936,1,bp15-s14-936-R,-16.02,12.25,347.27,97.34,3.567529854,0.75,46.30317072,0.210229495,UCDSIF,wrc-csi-3,,,,,
bp15,bp15_s15_937,0,bp15-s15-937,-15.97,12.49,351.84,98.52,3.571365052,0.81,43.43712057,0.226804034,UCDSIF,wrc-csi-3,,,,,
bp15,bp15_s16_938,0,bp15-s16-938,-17.14,13.32,559.94,162.47,3.446384577,0.96,58.32666126,0.278552779,UCDSIF,wrc-csi-3,,,,,
bp15,bp15_s17_939,0,bp15-s17-939,-16.52,13.35,292.30,82.50,3.542990442,0.62,47.14535733,0.174993416,UCDSIF,wrc-csi-3,,,,,
bp15,bp15_s18_940,0,bp15-s18-940,-16.93,13.40,253.50,72.77,3.483647579,0.84,30.17882723,0.241126572,UCDSIF,wrc-csi-3,,,,,
bp15,bp15_s19_941,0,bp15-s19-941,-16.84,13.82,398.95,111.46,3.579385969,0.91,43.84071394,0.25423355,UCDSIF,wrc-csi-3,,,,,
bp15,bp15_s20_942,0,bp15-s20-942,-16.83,13.98,365.60,102.04,3.58280665,0.93,39.31148093,0.259573036,UCDSIF,wrc-csi-3,,,,,
bp15,bp15_s21_943,0,bp15-s21-943,-16.90,14.13,389.64,110.67,3.520643476,0.76,51.26809917,0.215869629,UCDSIF,wrc-csi-3,,,,,
bp15,bp15_s22_944,0,bp15-s22-944,-16.69,14.10,318.26,91.09,3.494084127,0.73,43.59785202,0.208924563,UCDSIF,wrc-csi-3,,,,,
bp15,bp15_s23_945,0,bp15-s23-945,-16.87,14.08,358.25,101.26,3.537975998,0.8,44.78123067,0.226117984,UCDSIF,wrc-csi-3,,,,,
bp15,bp15_s24_946,0,bp15-s24-946,-17.17,13.83,411.11,116.57,3.526809204,0.91,45.17720284,0.258023598,UCDSIF,wrc-csi-3,,,,,
bp15,bp15_s25_947,0,bp15-s25-947,-16.92,13.77,324.58,91.09,3.563397253,0.76,42.70760766,0.213279617,UCDSIF,wrc-csi-3,,,,,
bp15,bp15_s25_947,1,bp15-s25-947-R,-17.34,13.68,246.52,71.21,3.461723943,0.71,34.72177531,0.205100121,UCDSIF,wrc-csi-3,,,,,
ega,ega_s2_1276,0,ega-s2-1276,-20.21,11.48,410.16,112.45,3.647524006,0.92,44.58300437,0.252225893,UCDSIF,wrc-csi-4,,,,,
ega,ega_s5_1277,0,ega-s5-1277,-20.25,11.25,407.43,110.92,3.673175919,0.88,46.29835088,0.239574695,UCDSIF,wrc-csi-4,,,,,
ega,ega_s10_1278,0,ega-s10-1278,-19.98,10.92,375.74,102.90,3.651665333,0.81,46.38779754,0.221816603,UCDSIF,wrc-csi-4,,,,,
ega,ega_s15_1279,0,ega-s15-1279,-20.25,9.25,386.55,107.86,3.583813322,0.87,44.43106214,0.24275818,UCDSIF,wrc-csi-4,,,,,
ega,ega_s15_1279R,1,ega-s15-1279R,-19.89,9.14,344.54,95.28,3.616235294,0.88,39.1519572,0.243346997,UCDSIF,wrc-csi-4,,,,,
ega,ega_s20_1280,0,ega-s20-1280,-21.49,8.97,425.75,117.81,3.613723484,0.86,49.5054074,0.237981684,UCDSIF,wrc-csi-4,,,,,
ega,ega_s25_1281,0,ega-s25-1281,-21.95,9.63,512.04,145.17,3.52726051,0.91,56.26852349,0.257990584,UCDSIF,wrc-csi-4,,,,,
ega,ega_s30_1282,0,ega-s30-1282,-19.70,10.71,379.34,104.04,3.646054065,0.73,51.96409759,0.20021645,UCDSIF,wrc-csi-4,,,,,
ega,ega_s35_1283,0,ega-s35-1283,-19.21,11.71,446.08,124.34,3.587579717,0.76,58.69484172,0.211841983,UCDSIF,wrc-csi-4,,,,,
ega,ega_s40_1284,0,ega-s40-1284,-19.58,10.78,323.42,89.19,3.626048057,0.6,53.90298075,0.165469401,UCDSIF,wrc-csi-4,,,,,
ega,ega_s45_1285,0,ega-s45-1285,-20.64,10.63,576.98,163.41,3.530790709,0.95,60.73464781,0.269061544,UCDSIF,wrc-csi-4,,,,,
ega,ega_s50_1286,0,ega-s50-1286,-20.28,9.23,492.05,134.35,3.662470731,0.88,55.91511018,0.240274958,UCDSIF,wrc-csi-4,,,,,
ega,ega_s55_1287,0,ega-s55-1287,-19.60,10.49,468.48,129.34,3.622056183,0.84,55.77144438,0.231912471,UCDSIF,wrc-csi-4,,,,,
ega,ega_s60_1288,0,ega-s60-1288,-19.40,10.51,463.79,126.26,3.67325609,0.88,52.70397467,0.239569466,UCDSIF,wrc-csi-4,,,,,
ega,ega_s65_1289,0,ega-s65-1289,-19.30,8.54,418.40,115.13,3.634126946,0.76,55.05253603,0.209128633,UCDSIF,wrc-csi-4,,,,,
ega,ega_s70_1290,0,ega-s70-1290,-19.52,8.83,348.97,95.28,3.662714311,0.73,47.80349546,0.199305744,UCDSIF,wrc-csi-4,,,,,
ega,ega_s75_1291,0,ega-s75-1291,-18.72,9.67,319.92,88.43,3.617630295,0.74,43.23242641,0.204553793,UCDSIF,wrc-csi-4,,,,,
ega,ega_s80_1292,0,ega-s80-1292,-18.38,10.44,381.14,104.04,3.663361999,0.73,52.21077281,0.199270506,UCDSIF,wrc-csi-4,,,,,
ega,ega_s85_1293,0,ega-s85-1293,-19.27,9.82,497.75,139.75,3.561597261,0.98,50.79050213,0.275157444,UCDSIF,wrc-csi-4,,,,,
ega,ega_s90_1294,0,ega-s90-1294,-20.04,6.69,419.32,114.36,3.666491956,0.81,51.76744506,0.220919617,UCDSIF,wrc-csi-4,,,,,
ega,ega_s95_1295,0,ega-s95-1295,-19.59,8.56,470.36,131.27,3.583221443,0.99,47.51080203,0.276287697,UCDSIF,wrc-csi-4,,,,,
ega,ega_s100_1296,0,ega-s100-1296,-18.22,11.09,378.44,103.28,3.664288049,0.66,57.33911153,0.180116844,UCDSIF,wrc-csi-4,,,,,
ega,ega_s105_1297,0,ega-s105-1297,-18.21,11.39,401.05,110.92,3.615698939,0.72,55.70141541,0.199131624,UCDSIF,wrc-csi-4,,,,,
ega,ega_s110_1298,0,ega-s110-1298,-18.42,10.00,291.30,80.85,3.602948015,0.61,47.75433635,0.169305801,UCDSIF,wrc-csi-4,,,,,
ega,ega_s115_1299,0,ega-s115-1299,-19.53,8.13,491.11,138.60,3.543455033,0.89,55.18037643,0.251167291,UCDSIF,wrc-csi-4,,,,,
ega,ega_s115_1299R,1,ega-s115-1299R,-19.37,8.06,462.86,128.96,3.58928025,0.89,52.00664297,0.247960577,UCDSIF,wrc-csi-4,,,,,
ega,ega_s120_1300,0,ega-s120-1300,-19.48,8.42,356.07,97.18,3.664097318,0.66,53.95017859,0.18012622,UCDSIF,wrc-csi-4,,,,,
ega,ega_s125_1301,0,ega-s125-1301,-19.28,10.04,447.94,123.96,3.613691697,0.88,50.9021342,0.243518284,UCDSIF,wrc-csi-4,,,,,
ega,ega_s130_1302,0,ega-s130-1302,-19.31,10.19,392.88,107.48,3.655465015,0.72,54.56689111,0.196965365,UCDSIF,wrc-csi-4,,,,,
ega,ega_s135_1303,0,ega-s135-1303,-19.56,9.25,461.92,130.50,3.53975003,0.97,47.62099587,0.27403065,UCDSIF,wrc-csi-4,,,,,
ega,ega_s140_1304,0,ega-s140-1304,-19.42,6.50,414.74,114.36,3.62643375,0.65,63.80539548,0.179239453,UCDSIF,wrc-csi-4,,,,,
ega,ega_s145_1305,0,ega-s145-1305,-19.26,9.00,456.32,127.42,3.581315543,0.79,57.76191394,0.220589331,UCDSIF,wrc-csi-4,,,,,
ega,ega_s150_1306,0,ega-s150-1306,-19.33,10.21,352.52,94.89,3.714807861,0.64,55.08050165,0.172283473,UCDSIF,wrc-csi-4,,,,,
ega,ega_s155_1307,0,ega-s155-1307,-19.56,10.42,397.42,109.01,3.645788214,0.77,51.61244047,0.211202614,UCDSIF,wrc-csi-4,,,,,
ega,ega_s160_1308,0,ega-s160-1308,-20.07,10.24,481.65,132.04,3.647844496,0.87,55.36215234,0.238497009,UCDSIF,wrc-csi-4,,,,,
ega,ega_s165_1309,0,ega-s165-1309,-19.66,9.79,355.18,96.80,3.669320228,0.64,55.49712475,0.174419228,UCDSIF,wrc-csi-4,,,,,
ega,ega_s170_1310,0,ega-s170-1310,-19.18,9.65,313.81,85.02,3.691106014,0.67,46.83786232,0.181517409,UCDSIF,wrc-csi-4,,,,,
ega,ega_s170_1310R,1,ega-s170-1310R,-20.09,9.75,682.29,191.19,3.568690845,0.71,96.09648635,0.19895251,UCDSIF,wrc-csi-4,,,,,
ega,ega_s175_1311,0,ega-s175-1311,-19.28,10.07,342.77,92.61,3.701102263,0.68,50.40715456,0.183729049,UCDSIF,wrc-csi-4,,,,,
bp04,bp04_s0_223,0,bp04-s0-223,-18.52,11.47,340.05,90.67,3.750417303,0.65,52.31563838,0.173314047,UCDSIF,wrc-csi-2,,,,,
bp04,bp04_s0_223,1,bp04-s0-223-R,-18.37,11.30,343.69,91.08,3.773442859,0.75,45.8251842,0.198757482,UCDSIF,wrc-csi-2,,,,,
bp04,bp04_s1_225,0,bp04-s1-225,-18.26,10.72,282.86,76.72,3.687028935,0.65,43.51669069,0.176293707,UCDSIF,wrc-csi-2,,,,,
bp04,bp04_s2_227,0,bp04-s2-227,-18.44,12.79,307.65,83.28,3.694083128,0.69,44.58670845,0.186785185,UCDSIF,wrc-csi-2,,,,,
bp04,bp04_s3_228,0,bp04-s3-228,-18.44,13.39,361.07,96.83,3.728819073,0.73,49.46115113,0.195772438,UCDSIF,wrc-csi-2,,,,,
bp04,bp04_s4_229,0,bp04-s4-229,-18.44,13.94,350.99,94.78,3.703264991,0.65,53.99776316,0.175520791,UCDSIF,wrc-csi-2,,,,,
bp04,bp04_s5_230,0,bp04-s5-230,-18.51,14.17,337.33,90.26,3.737309607,0.62,54.40783277,0.165894738,UCDSIF,wrc-csi-2,,,,,
bp04,bp04_s6_231,0,bp04-s6-231,-18.53,14.04,341.87,91.08,3.753465719,0.7,48.83847772,0.18649431,UCDSIF,wrc-csi-2,,,,,
bp04,bp04_s7_232,0,bp04-s7-232,-18.47,14.10,355.56,94.78,3.751539585,0.75,47.40810617,0.199917922,UCDSIF,wrc-csi-2,,,,,
bp04,bp04_s8_233,0,bp04-s8-233,-18.50,13.97,350.99,92.72,3.785285185,0.73,48.08020008,0.192852048,UCDSIF,wrc-csi-2,,,,,
bp04,bp04_s9_234,0,bp04-s9-234,-18.79,13.92,428.43,113.28,3.782158525,0.87,49.24453115,0.230027376,UCDSIF,wrc-csi-2,,,,,
bp04,bp04_s10_235,0,bp04-s10-235,-18.60,13.79,382.32,99.71,3.834465041,0.76,50.30590578,0.198202355,UCDSIF,wrc-csi-2,,,,,
bp04,bp04_s11_236,0,bp04-s11-236,-18.16,12.98,409.48,108.34,3.779544046,0.88,46.53141441,0.232832318,UCDSIF,wrc-csi-2,,,,,
bp04,bp04_s12_237,0,bp04-s12-237,-18.12,12.82,435.10,114.51,3.799696347,0.89,48.88806754,0.234229243,UCDSIF,wrc-csi-2,,,,,
bp04,bp04_s13_238,0,bp04-s13-238,-17.63,12.20,337.33,87.80,3.84217213,0.65,51.89670203,0.169175138,UCDSIF,wrc-csi-2,,,,,
bp04,bp04_s14_239,0,bp04-s14-239,-17.56,11.69,320.18,84.92,3.770224257,0.69,46.40270185,0.183012986,UCDSIF,wrc-csi-2,,,,,
bp04,bp04_s15_240,0,bp04-s15-240,-17.68,11.79,401.01,106.70,3.758444409,0.73,54.93268957,0.194229293,UCDSIF,wrc-csi-2,,,,,
bp04,bp04_s16_241,0,bp04-s16-241,-17.60,11.70,397.26,105.87,3.752202295,0.79,50.28571398,0.210543019,UCDSIF,wrc-csi-2,,,,,
bp04,bp04_s17_242,0,bp04-s17-242,-17.51,11.50,395.38,105.87,3.734511465,0.75,52.71788775,0.200829481,UCDSIF,wrc-csi-2,,,,,
bp04,bp04_s18_243,0,bp04-s18-243,-17.34,11.67,313.90,84.51,3.714267103,0.77,40.76651657,0.207308731,UCDSIF,wrc-csi-2,,,,,
bp04,bp04_s19_244,0,bp04-s19-244,-17.40,11.84,307.65,83.69,3.675969294,0.59,52.14377768,0.160501885,UCDSIF,wrc-csi-2,,,,,
bp04,bp04_s20_245,0,bp04-s20-245,-17.38,12.04,354.64,94.78,3.741874944,0.72,49.25622328,0.192416906,UCDSIF,wrc-csi-2,,,,,
bp04,bp04_s20_245,1,bp04-s20-245-R,-17.49,12.07,370.28,98.47,3.760144197,0.84,44.08086588,0.223395688,UCDSIF,wrc-csi-2,,,,,
bp04,bp04_s21_246,0,bp04-s21-246,-17.35,11.99,312.11,82.87,3.766251761,0.75,41.61507313,0.19913698,UCDSIF,wrc-csi-2,,,,,
bp04,bp04_s22_247,0,bp04-s22-247,-17.53,11.86,404.77,109.57,3.694013308,0.88,45.9963067,0.238223289,UCDSIF,wrc-csi-2,,,,,
bp04,bp04_s23_248,0,bp04-s23-248,-16.83,11.56,358.31,94.78,3.780562676,0.77,46.53396447,0.203673386,UCDSIF,wrc-csi-2,,,,,
bp04,bp04_s24_249,0,bp04-s24-249,-16.70,11.18,345.51,93.13,3.709804731,0.75,46.06803491,0.202166975,UCDSIF,wrc-csi-2,,,,,
bp04,bp04_s25_250,0,bp04-s25-250,-16.86,11.20,441.80,120.68,3.660844785,0.91,48.54975352,0.248576504,UCDSIF,wrc-csi-2,,,,,
bp04,bp04_s26_251,0,bp04-s26-251,-17.21,11.10,422.72,114.92,3.678358096,0.88,48.03667932,0.239237175,UCDSIF,wrc-csi-2,,,,,
bp04,bp04_s27_252,0,bp04-s27-252,-17.32,11.25,336.42,90.67,3.710383705,0.7,48.0602556,0.188659733,UCDSIF,wrc-csi-2,,,,,
bp04,bp04_s28_253,0,bp04-s28-253,-17.86,11.79,405.71,109.16,3.716549179,0.88,46.10322353,0.236778785,UCDSIF,wrc-csi-2,,,,,
bp04,bp04_s29_254,0,bp04-s29-254,-18.19,12.59,455.27,123.57,3.684440067,0.91,50.02949411,0.246984612,UCDSIF,wrc-csi-2,,,,,
bp04,bp04_s30_255,0,bp04-s30-255,-17.96,12.60,305.87,81.23,3.765441743,0.64,47.79150146,0.169966778,UCDSIF,wrc-csi-2,,,,,
bp04,bp04_s31_256,0,bp04-s31-256,-18.16,12.92,336.42,89.03,3.778832889,0.74,45.46240395,0.195827659,UCDSIF,wrc-csi-2,,,,,
bp04,bp04_s32_257,0,bp04-s32-257,-18.24,12.88,313.01,83.28,3.758432389,0.67,46.7175198,0.178265812,UCDSIF,wrc-csi-2,,,,,
bp04,bp04_s33_258,0,bp04-s33-258,-18.29,12.75,331.89,88.62,3.745255811,0.74,44.85065275,0.197583299,UCDSIF,wrc-csi-2,,,,,
bp04,bp04_s34_259,0,bp04-s34-259,-18.41,12.01,340.05,91.08,3.733508814,0.7,48.57880707,0.187491187,UCDSIF,wrc-csi-2,,,,,
bp04,bp04_s35_260,0,bp04-s35-260,-18.71,11.73,400.07,107.52,3.720967837,0.89,44.95169319,0.239185083,UCDSIF,wrc-csi-2,,,,,
bp04,bp04_s36_261,0,bp04-s36-261,-18.69,11.64,417.98,112.45,3.71694002,0.85,49.17430341,0.228682732,UCDSIF,wrc-csi-2,,,,,
bp04,bp04_s37_262,0,bp04-s37-262,-18.36,11.40,346.42,92.72,3.736065624,0.68,50.94435928,0.182009651,UCDSIF,wrc-csi-2,,,,,
bp04,bp04_s38_263,0,bp04-s38-263,-18.32,11.00,371.20,100.12,3.707639991,0.78,47.59014031,0.210376412,UCDSIF,wrc-csi-2,,,,,
bp04,bp04_s39_264,0,bp04-s39-264,-18.42,11.17,436.06,119.04,3.663231845,0.95,45.9009908,0.259333845,UCDSIF,wrc-csi-2,,,,,
bp04,bp04_s40_265,0,bp04-s40-265,-18.09,11.17,356.48,96.01,3.71293106,0.72,49.51072855,0.193916878,UCDSIF,wrc-csi-2,,,,,
bp04,bp04_s41_266,0,bp04-s41-266,-18.02,11.05,295.21,80.41,3.671328855,0.65,45.41665188,0.17704761,UCDSIF,wrc-csi-2,,,,,
bp04,bp04_s42_267,0,bp04-s42-267,-18.16,11.30,347.33,94.37,3.680684644,0.68,51.0784537,0.184748237,UCDSIF,wrc-csi-2,,,,,
bp04,bp04_s43_268,0,bp04-s43-268,-18.27,11.50,377.68,103.00,3.666986429,0.76,49.69509765,0.207254653,UCDSIF,wrc-csi-2,,,,,
bp04,bp04_s44_269,0,bp04-s44-269,-18.44,12.07,420.82,113.69,3.701599905,0.89,47.28369845,0.240436574,UCDSIF,wrc-csi-2,,,,,
bp04,bp04_s45_270,0,bp04-s45-270,-17.84,12.31,323.78,87.80,3.687800817,0.69,46.92396093,0.187103381,UCDSIF,wrc-csi-2,,,,,
bp04,bp04_s46_271,0,bp04-s46-271,-18.03,12.35,304.08,81.64,3.724703924,0.68,44.71834902,0.182564846,UCDSIF,wrc-csi-2,,,,,
bp04,bp04_s47_272,0,bp04-s47-272,-18.14,12.01,379.54,102.17,3.714650184,0.8,47.44227708,0.215363483,UCDSIF,wrc-csi-2,,,,,
bp04,bp04_s47_272,1,bp04-s47-272-R,-18.25,12.07,401.01,108.75,3.687388087,0.8,50.12607923,0.216955737,UCDSIF,wrc-csi-2,,,,,
bp07,bp07_s1_348,0,bp07-s1-348,-17.43,9.14,291.67,81.64,3.572643018,0.59,49.4356819,0.165143844,UCDSIF,wrc-csi-2,,,,,
bp07,bp07_s1_348,1,bp07-s1-348-R,-17.52,9.22,236.92,67.70,3.499754438,0.52,45.56228882,0.148581853,UCDSIF,wrc-csi-2,,,,,
bp07,bp07_s2_349,0,bp07-s2-349,-17.29,8.41,330.99,91.49,3.617717022,0.68,48.6751207,0.187963845,UCDSIF,wrc-csi-2,,,,,
bp07,bp07_s3_350,0,bp07-s3-350,-17.78,8.66,467.85,130.57,3.583245698,0.99,47.25788514,0.276285827,UCDSIF,wrc-csi-2,,,,,
bp07,bp07_s4_351,0,bp07-s4-351,-17.49,9.05,378.61,106.28,3.562243604,0.8,47.32628113,0.224577567,UCDSIF,wrc-csi-2,,,,,
bp07,bp07_s5_352,0,bp07-s5-352,-17.58,9.26,428.43,118.63,3.611604847,0.86,49.81714198,0.238121289,UCDSIF,wrc-csi-2,,,,,
bp07,bp07_s6_353,0,bp07-s6-353,-17.49,9.57,468.82,132.21,3.545927139,0.93,50.41121927,0.262272732,UCDSIF,wrc-csi-2,,,,,
bp07,bp07_s7_354,0,bp07-s7-354,-16.84,9.32,382.32,109.16,3.502341457,0.77,49.65258233,0.219852921,UCDSIF,wrc-csi-2,,,,,
bp07,bp07_s8_355,0,bp07-s8-355,-16.69,9.52,384.18,110.81,3.467129741,0.78,49.25448279,0.224969949,UCDSIF,wrc-csi-2,,,,,
bp07,bp07_s9_356,0,bp07-s9-356,-16.26,9.54,299.64,84.51,3.545517825,0.62,48.3291526,0.174868674,UCDSIF,wrc-csi-2,,,,,
bp07,bp07_s10_357,0,bp07-s10-357,-16.67,9.59,261.90,74.67,3.507559327,0.81,32.33303542,0.230929807,UCDSIF,wrc-csi-2,,,,,
bp07,bp07_s11_358,0,bp07-s11-358,-16.34,9.56,332.80,93.55,3.557635964,0.68,48.94107362,0.191138162,UCDSIF,wrc-csi-2,,,,,
bp07,bp07_s12_359,0,bp07-s12-359,-16.23,9.77,361.07,104.23,3.464177798,0.83,43.50197629,0.239595092,UCDSIF,wrc-csi-2,,,,,
bp07,bp07_s13_360,0,bp07-s13-360,-16.32,9.66,276.72,80.41,3.441370323,0.92,30.07798689,0.267335368,UCDSIF,wrc-csi-2,,,,,
bp07,bp07_s14_361,0,bp07-s14-361,-16.59,9.77,418.93,120.27,3.483189357,0.88,47.60555651,0.252642021,UCDSIF,wrc-csi-2,,,,,
bp07,bp07_s15_362,0,bp07-s15-362,-16.18,9.65,350.07,99.71,3.510987753,0.77,45.46386696,0.219311503,UCDSIF,wrc-csi-2,,,,,
bp07,bp07_s16_363,0,bp07-s16-363,-16.47,9.72,373.05,107.11,3.482999964,0.9,41.45023541,0.258397935,UCDSIF,wrc-csi-2,,,,,
bp07,bp07_s17_364,0,bp07-s17-364,-16.34,9.73,372.13,107.11,3.474366109,0.83,44.83462364,0.238892498,UCDSIF,wrc-csi-2,,,,,
bp07,bp07_s18_365,0,bp07-s18-365,-16.25,9.78,357.39,102.58,3.48390477,0.85,42.04637125,0.243979114,UCDSIF,wrc-csi-2,,,,,
bp07,bp07_s19_366,0,bp07-s19-366,-16.50,9.62,264.50,76.31,3.466300997,0.71,37.25396996,0.204829298,UCDSIF,wrc-csi-2,,,,,
bp07,bp07_s20_367,0,bp07-s20-367,-16.27,9.67,332.80,96.01,3.466310614,0.71,46.87314093,0.20482873,UCDSIF,wrc-csi-2,,,,,
bp07,bp07_s21_368,0,bp07-s21-368,-16.35,9.40,374.90,107.52,3.486894069,0.69,54.33376607,0.197883843,UCDSIF,wrc-csi-2,,,,,
bp07,bp07_s22_369,0,bp07-s22-369,-16.62,9.55,428.43,124.39,3.44426403,0.91,47.07993637,0.264207387,UCDSIF,wrc-csi-2,,,,,
bp07,bp07_s23_370,0,bp07-s23-370,-16.41,9.60,373.05,107.11,3.482999964,0.78,47.8271947,0.223944877,UCDSIF,wrc-csi-2,,,,,
bp07,bp07_s24_371,0,bp07-s24-371,-16.59,9.61,373.98,107.11,3.491638121,0.76,49.20754236,0.217662877,UCDSIF,wrc-csi-2,,,,,
bp07,bp07_s25_372,0,bp07-s25-372,-16.40,9.62,366.59,105.87,3.462529513,0.79,46.40361981,0.2281569,UCDSIF,wrc-csi-2,,,,,
bp07,bp07_s26_373,0,bp07-s26-373,-16.29,9.44,295.21,85.74,3.442908319,0.64,46.12628706,0.185889353,UCDSIF,wrc-csi-2,,,,,
bp07,bp07_s27_374,0,bp07-s27-374,-16.37,9.11,288.14,83.28,3.459839763,0.65,44.32925861,0.187869972,UCDSIF,wrc-csi-2,,,,,
bp07,bp07_s28_375,0,bp07-s28-375,-16.44,8.68,364.75,105.05,3.472091732,0.75,48.632803,0.216008118,UCDSIF,wrc-csi-2,,,,,
bp07,bp07_s29_376,0,bp07-s29-376,-16.51,8.33,318.38,91.08,3.495604198,0.68,46.82103873,0.194530033,UCDSIF,wrc-csi-2,,,,,
bp07,bp07_s30_377,0,bp07-s30-377,-17.16,8.29,275.84,76.31,3.614896037,0.79,34.91671331,0.218540172,UCDSIF,wrc-csi-2,,,,,
bp07,bp07_s31_378,0,bp07-s31-378,-16.66,8.41,313.01,89.44,3.499692535,0.68,46.03049745,0.194302783,UCDSIF,wrc-csi-2,,,,,
bp07,bp07_s32_379,0,bp07-s32-379,-16.71,8.63,332.80,94.78,3.511381917,0.73,45.58894529,0.207895358,UCDSIF,wrc-csi-2,,,,,
bp07,bp07_s33_380,0,bp07-s33-380,-17.37,8.73,413.25,118.63,3.483676547,0.81,51.01875287,0.232512976,UCDSIF,wrc-csi-2,,,,,
bp07,bp07_s34_381,0,bp07-s34-381,-17.37,8.93,368.43,105.05,3.507188951,0.76,48.47802809,0.216697763,UCDSIF,wrc-csi-2,,,,,
bp07,bp07_s35_382,0,bp07-s35-382,-17.98,9.23,376.76,103.82,3.629018444,0.81,46.51304889,0.22320085,UCDSIF,wrc-csi-2,,,,,
bp07,bp07_s36_383,0,bp07-s36-383,-17.97,9.41,299.64,85.33,3.511411984,0.69,43.42619509,0.196502149,UCDSIF,wrc-csi-2,,,,,
bp07,bp07_s37_384,0,bp07-s37-384,-18.78,9.71,470.77,135.92,3.463472009,0.92,51.17046458,0.265629402,UCDSIF,wrc-csi-2,,,,,
bp07,bp07_s38_385,0,bp07-s38-385,-18.09,9.74,350.99,99.30,3.534719101,0.77,45.58252734,0.217839092,UCDSIF,wrc-csi-2,,,,,
bp07,bp07_s39_386,0,bp07-s39-386,-18.23,9.86,263.63,75.08,3.511531321,0.6,43.93903212,0.170865627,UCDSIF,wrc-csi-2,,,,,
bp07,bp07_s40_387,0,bp07-s40-387,-17.76,9.93,313.01,88.21,3.548560887,0.68,46.03049745,0.191626978,UCDSIF,wrc-csi-2,,,,,
bp07,bp07_s41_388,0,bp07-s41-388,-17.84,9.96,367.51,103.82,3.539966796,0.85,43.23653819,0.240115247,UCDSIF,wrc-csi-2,,,,,
bp07,bp07_s42_389,0,bp07-s42-389,-18.06,10.11,417.03,117.80,3.540129937,0.86,48.49240946,0.242928936,UCDSIF,wrc-csi-2,,,,,
bp07,bp07_s43_390,0,bp07-s43-390,-17.78,10.27,364.75,102.58,3.555571314,0.77,47.36961331,0.21656154,UCDSIF,wrc-csi-2,,,,,
bp07,bp07_s43_390,1,bp07-s43-390-R,-18.12,10.28,250.65,71.39,3.511235502,0.43,58.29176062,0.122464016,UCDSIF,wrc-csi-2,,,,,
